<?xml version="1.0"?>
<gpx version="1.1" creator="GDAL 3.10.3" xmlns:xsi="http://www.w3.org/2001/XMLSchema-instance" xmlns="http://www.topografix.com/GPX/1/1" xsi:schemaLocation="http://www.topografix.com/GPX/1/1 http://www.topografix.com/GPX/1/1/gpx.xsd">
<metadata>
<bounds minlat="52.375485500000003" minlon="13.091870360000000" maxlat="52.451462710000001" maxlon="13.523396510000000"/>                                       
</metadata>
<trk>
  <name>Mauerweg 2</name>
  <trkseg>
    <trkpt lat="52.42697251" lon="13.519012">
        <ele>-17976931348623157081452742373170435679807056752584499659891747</ele>
    </trkpt>
    <trkpt lat="52.42661777" lon="13.51946335">
        <ele>-17976931348623157081452742373170435679807056752584499659891747</ele>
    </trkpt>
    <trkpt lat="52.4257112" lon="13.52062395">
        <ele>-17976931348623157081452742373170435679807056752584499659891747</ele>
    </trkpt>
    <trkpt lat="52.42437102" lon="13.52139769">
        <ele>-17976931348623157081452742373170435679807056752584499659891747</ele>
    </trkpt>
    <trkpt lat="52.42236067" lon="13.52146217">
        <ele>-17976931348623157081452742373170435679807056752584499659891747</ele>
    </trkpt>
    <trkpt lat="52.42038964" lon="13.52152664">
        <ele>-17976931348623157081452742373170435679807056752584499659891747</ele>
    </trkpt>
    <trkpt lat="52.41920699" lon="13.52210695">
        <ele>-17976931348623157081452742373170435679807056752584499659891747</ele>
    </trkpt>
    <trkpt lat="52.41597423" lon="13.52313859">
        <ele>-17976931348623157081452742373170435679807056752584499659891747</ele>
    </trkpt>
    <trkpt lat="52.41258353" lon="13.52339651">
        <ele>-17976931348623157081452742373170435679807056752584499659891747</ele>
    </trkpt>
    <trkpt lat="52.40871938" lon="13.52230038">
        <ele>-17976931348623157081452742373170435679807056752584499659891747</ele>
    </trkpt>
    <trkpt lat="52.40520981" lon="13.52010813">
        <ele>-17976931348623157081452742373170435679807056752584499659891747</ele>
    </trkpt>
    <trkpt lat="52.40323801" lon="13.51814155">
        <ele>-17976931348623157081452742373170435679807056752584499659891747</ele>
    </trkpt>
    <trkpt lat="52.40197602" lon="13.51633617">
        <ele>-17976931348623157081452742373170435679807056752584499659891747</ele>
    </trkpt>
    <trkpt lat="52.40130557" lon="13.51411167">
        <ele>-17976931348623157081452742373170435679807056752584499659891747</ele>
    </trkpt>
    <trkpt lat="52.40069427" lon="13.51062986">
        <ele>-17976931348623157081452742373170435679807056752584499659891747</ele>
    </trkpt>
    <trkpt lat="52.39990548" lon="13.50566506">
        <ele>-17976931348623157081452742373170435679807056752584499659891747</ele>
    </trkpt>
    <trkpt lat="52.39958997" lon="13.50286026">
        <ele>-17976931348623157081452742373170435679807056752584499659891747</ele>
    </trkpt>
    <trkpt lat="52.39937304" lon="13.50076473">
        <ele>-17976931348623157081452742373170435679807056752584499659891747</ele>
    </trkpt>
    <trkpt lat="52.401519949623804" lon="13.500594780018544">
        <ele>-17976931348623157081452742373170435679807056752584499659891747</ele>
    </trkpt>
    <trkpt lat="52.403149614147452" lon="13.500421316505845">
        <ele>-17976931348623157081452742373170435679807056752584499659891747</ele>
    </trkpt>
    <trkpt lat="52.404036177434797" lon="13.500289929883117">
        <ele>-17976931348623157081452742373170435679807056752584499659891747</ele>
    </trkpt>
    <trkpt lat="52.403906937006667" lon="13.499872146235857">
        <ele>-17976931348623157081452742373170435679807056752584499659891747</ele>
    </trkpt>
    <trkpt lat="52.403952342780379" lon="13.499380891554955">
        <ele>-17976931348623157081452742373170435679807056752584499659891747</ele>
    </trkpt>
    <trkpt lat="52.404042042498197" lon="13.499124546414977">
        <ele>-17976931348623157081452742373170435679807056752584499659891747</ele>
    </trkpt>
    <trkpt lat="52.404079174285265" lon="13.498388712491971">
        <ele>-17976931348623157081452742373170435679807056752584499659891747</ele>
    </trkpt>
    <trkpt lat="52.404118566960477" lon="13.497424829110841">
        <ele>-17976931348623157081452742373170435679807056752584499659891747</ele>
    </trkpt>
    <trkpt lat="52.404062166597363" lon="13.497287430023551">
        <ele>-17976931348623157081452742373170435679807056752584499659891747</ele>
    </trkpt>
    <trkpt lat="52.404076376380736" lon="13.496746571081433">
        <ele>-17976931348623157081452742373170435679807056752584499659891747</ele>
    </trkpt>
    <trkpt lat="52.404073643687582" lon="13.49632871689986">
        <ele>-17976931348623157081452742373170435679807056752584499659891747</ele>
    </trkpt>
    <trkpt lat="52.404094191749635" lon="13.495914292531157">
        <ele>-17976931348623157081452742373170435679807056752584499659891747</ele>
    </trkpt>
    <trkpt lat="52.404078282819988" lon="13.495475778069352">
        <ele>-17976931348623157081452742373170435679807056752584499659891747</ele>
    </trkpt>
    <trkpt lat="52.404125389511002" lon="13.495119553007916">
        <ele>-17976931348623157081452742373170435679807056752584499659891747</ele>
    </trkpt>
    <trkpt lat="52.404257454531617" lon="13.494135622510051">
        <ele>-17976931348623157081452742373170435679807056752584499659891747</ele>
    </trkpt>
    <trkpt lat="52.4043452070215" lon="13.493727349373538">
        <ele>-17976931348623157081452742373170435679807056752584499659891747</ele>
    </trkpt>
    <trkpt lat="52.404540063973599" lon="13.492808816957693">
        <ele>-17976931348623157081452742373170435679807056752584499659891747</ele>
    </trkpt>
    <trkpt lat="52.404845459970289" lon="13.491650087349832">
        <ele>-17976931348623157081452742373170435679807056752584499659891747</ele>
    </trkpt>
    <trkpt lat="52.405150197783634" lon="13.490440702477963">
        <ele>-17976931348623157081452742373170435679807056752584499659891747</ele>
    </trkpt>
    <trkpt lat="52.405396647739771" lon="13.489520375913276">
        <ele>-17976931348623157081452742373170435679807056752584499659891747</ele>
    </trkpt>
    <trkpt lat="52.405663953784611" lon="13.488616213410173">
        <ele>-17976931348623157081452742373170435679807056752584499659891747</ele>
    </trkpt>
    <trkpt lat="52.405961360221809" lon="13.487643460348316">
        <ele>-17976931348623157081452742373170435679807056752584499659891747</ele>
    </trkpt>
    <trkpt lat="52.406331673076551" lon="13.486718861545162">
        <ele>-17976931348623157081452742373170435679807056752584499659891747</ele>
    </trkpt>
    <trkpt lat="52.406722626041194" lon="13.485793540208064">
        <ele>-17976931348623157081452742373170435679807056752584499659891747</ele>
    </trkpt>
    <trkpt lat="52.407103031507837" lon="13.484851675852655">
        <ele>-17976931348623157081452742373170435679807056752584499659891747</ele>
    </trkpt>
    <trkpt lat="52.406776070695074" lon="13.484322470719851">
        <ele>-17976931348623157081452742373170435679807056752584499659891747</ele>
    </trkpt>
    <trkpt lat="52.406291869729188" lon="13.483612901633999">
        <ele>-17976931348623157081452742373170435679807056752584499659891747</ele>
    </trkpt>
    <trkpt lat="52.405858849935143" lon="13.482867816873272">
        <ele>0.0</ele>
    </trkpt>
    <trkpt lat="52.40545994" lon="13.48234317">
        <ele>-17976931348623157081452742373170435679807056752584499659891747</ele>
    </trkpt>
    <trkpt lat="52.40531551" lon="13.48181467">
        <ele>-17976931348623157081452742373170435679807056752584499659891747</ele>
    </trkpt>
    <trkpt lat="52.40516221" lon="13.48138905">
        <ele>-17976931348623157081452742373170435679807056752584499659891747</ele>
    </trkpt>
    <trkpt lat="52.40498201" lon="13.4810076">
        <ele>-17976931348623157081452742373170435679807056752584499659891747</ele>
    </trkpt>
    <trkpt lat="52.40500866" lon="13.48075772">
        <ele>-17976931348623157081452742373170435679807056752584499659891747</ele>
    </trkpt>
    <trkpt lat="52.40504428" lon="13.48049312">
        <ele>-17976931348623157081452742373170435679807056752584499659891747</ele>
    </trkpt>
    <trkpt lat="52.40514281" lon="13.4802283">
        <ele>-17976931348623157081452742373170435679807056752584499659891747</ele>
    </trkpt>
    <trkpt lat="52.40506167" lon="13.48002286">
        <ele>-17976931348623157081452742373170435679807056752584499659891747</ele>
    </trkpt>
    <trkpt lat="52.40491743" lon="13.479656">
        <ele>-17976931348623157081452742373170435679807056752584499659891747</ele>
    </trkpt>
    <trkpt lat="52.40465643" lon="13.4793483">
        <ele>-17976931348623157081452742373170435679807056752584499659891747</ele>
    </trkpt>
    <trkpt lat="52.40434127" lon="13.47884977">
        <ele>-17976931348623157081452742373170435679807056752584499659891747</ele>
    </trkpt>
    <trkpt lat="52.40396291" lon="13.47811636">
        <ele>-17976931348623157081452742373170435679807056752584499659891747</ele>
    </trkpt>
    <trkpt lat="52.40353952" lon="13.47730966">
        <ele>-17976931348623157081452742373170435679807056752584499659891747</ele>
    </trkpt>
    <trkpt lat="52.40360237" lon="13.47726536">
        <ele>-17976931348623157081452742373170435679807056752584499659891747</ele>
    </trkpt>
    <trkpt lat="52.40379087" lon="13.47708841">
        <ele>-17976931348623157081452742373170435679807056752584499659891747</ele>
    </trkpt>
    <trkpt lat="52.40403321" lon="13.47685249">
        <ele>-17976931348623157081452742373170435679807056752584499659891747</ele>
    </trkpt>
    <trkpt lat="52.40441036" lon="13.47661612">
        <ele>-17976931348623157081452742373170435679807056752584499659891747</ele>
    </trkpt>
    <trkpt lat="52.40487729" lon="13.47632066">
        <ele>-17976931348623157081452742373170435679807056752584499659891747</ele>
    </trkpt>
    <trkpt lat="52.40540721" lon="13.47608376">
        <ele>-17976931348623157081452742373170435679807056752584499659891747</ele>
    </trkpt>
    <trkpt lat="52.40572156" lon="13.47593575">
        <ele>-17976931348623157081452742373170435679807056752584499659891747</ele>
    </trkpt>
    <trkpt lat="52.40607178" lon="13.47572884">
        <ele>-17976931348623157081452742373170435679807056752584499659891747</ele>
    </trkpt>
    <trkpt lat="52.40640397" lon="13.47547791">
        <ele>-17976931348623157081452742373170435679807056752584499659891747</ele>
    </trkpt>
    <trkpt lat="52.40679002" lon="13.4751827">
        <ele>-17976931348623157081452742373170435679807056752584499659891747</ele>
    </trkpt>
    <trkpt lat="52.40741856" lon="13.4747691">
        <ele>-17976931348623157081452742373170435679807056752584499659891747</ele>
    </trkpt>
    <trkpt lat="52.40825359" lon="13.47419314">
        <ele>-17976931348623157081452742373170435679807056752584499659891747</ele>
    </trkpt>
    <trkpt lat="52.40863974" lon="13.47397138">
        <ele>-17976931348623157081452742373170435679807056752584499659891747</ele>
    </trkpt>
    <trkpt lat="52.40848635" lon="13.47350168">
        <ele>-17976931348623157081452742373170435679807056752584499659891747</ele>
    </trkpt>
    <trkpt lat="52.40832391" lon="13.47297323">
        <ele>-17976931348623157081452742373170435679807056752584499659891747</ele>
    </trkpt>
    <trkpt lat="52.40873691" lon="13.47267789">
        <ele>-17976931348623157081452742373170435679807056752584499659891747</ele>
    </trkpt>
    <trkpt lat="52.40974266" lon="13.47208658">
        <ele>-17976931348623157081452742373170435679807056752584499659891747</ele>
    </trkpt>
    <trkpt lat="52.41055983" lon="13.47161346">
        <ele>-17976931348623157081452742373170435679807056752584499659891747</ele>
    </trkpt>
    <trkpt lat="52.4116284" lon="13.4709631">
        <ele>-17976931348623157081452742373170435679807056752584499659891747</ele>
    </trkpt>
    <trkpt lat="52.4164057" lon="13.46821254">
        <ele>-17976931348623157081452742373170435679807056752584499659891747</ele>
    </trkpt>
    <trkpt lat="52.41740228" lon="13.46750347">
        <ele>-17976931348623157081452742373170435679807056752584499659891747</ele>
    </trkpt>
    <trkpt lat="52.41821948" lon="13.46705959">
        <ele>-17976931348623157081452742373170435679807056752584499659891747</ele>
    </trkpt>
    <trkpt lat="52.41847991" lon="13.46692637">
        <ele>-17976931348623157081452742373170435679807056752584499659891747</ele>
    </trkpt>
    <trkpt lat="52.41889314" lon="13.46680729">
        <ele>-17976931348623157081452742373170435679807056752584499659891747</ele>
    </trkpt>
    <trkpt lat="52.41942354" lon="13.46693766">
        <ele>-17976931348623157081452742373170435679807056752584499659891747</ele>
    </trkpt>
    <trkpt lat="52.4198099" lon="13.46689217">
        <ele>-17976931348623157081452742373170435679807056752584499659891747</ele>
    </trkpt>
    <trkpt lat="52.4200704" lon="13.46680303">
        <ele>-17976931348623157081452742373170435679807056752584499659891747</ele>
    </trkpt>
    <trkpt lat="52.42043854" lon="13.46656652">
        <ele>-17976931348623157081452742373170435679807056752584499659891747</ele>
    </trkpt>
    <trkpt lat="52.42072445" lon="13.46534547">
        <ele>-17976931348623157081452742373170435679807056752584499659891747</ele>
    </trkpt>
    <trkpt lat="52.42080495" lon="13.4650659">
        <ele>-17976931348623157081452742373170435679807056752584499659891747</ele>
    </trkpt>
    <trkpt lat="52.4209484" lon="13.46481549">
        <ele>-17976931348623157081452742373170435679807056752584499659891747</ele>
    </trkpt>
    <trkpt lat="52.42103808" lon="13.46468287">
        <ele>-17976931348623157081452742373170435679807056752584499659891747</ele>
    </trkpt>
    <trkpt lat="52.4210377" lon="13.46440359">
        <ele>-17976931348623157081452742373170435679807056752584499659891747</ele>
    </trkpt>
    <trkpt lat="52.42114485" lon="13.46390343">
        <ele>-17976931348623157081452742373170435679807056752584499659891747</ele>
    </trkpt>
    <trkpt lat="52.4210815" lon="13.46358028">
        <ele>-17976931348623157081452742373170435679807056752584499659891747</ele>
    </trkpt>
    <trkpt lat="52.42099971" lon="13.46291912">
        <ele>-17976931348623157081452742373170435679807056752584499659891747</ele>
    </trkpt>
    <trkpt lat="52.42091803" lon="13.46234617">
        <ele>-17976931348623157081452742373170435679807056752584499659891747</ele>
    </trkpt>
    <trkpt lat="52.42086334" lon="13.46178781">
        <ele>-17976931348623157081452742373170435679807056752584499659891747</ele>
    </trkpt>
    <trkpt lat="52.4207724" lon="13.4610238">
        <ele>-17976931348623157081452742373170435679807056752584499659891747</ele>
    </trkpt>
    <trkpt lat="52.42072671" lon="13.46048011">
        <ele>-17976931348623157081452742373170435679807056752584499659891747</ele>
    </trkpt>
    <trkpt lat="52.42078046" lon="13.46036231">
        <ele>-17976931348623157081452742373170435679807056752584499659891747</ele>
    </trkpt>
    <trkpt lat="52.42076234" lon="13.46025949">
        <ele>-17976931348623157081452742373170435679807056752584499659891747</ele>
    </trkpt>
    <trkpt lat="52.42062599" lon="13.45915758">
        <ele>-17976931348623157081452742373170435679807056752584499659891747</ele>
    </trkpt>
    <trkpt lat="52.42030947" lon="13.45776239">
        <ele>-17976931348623157081452742373170435679807056752584499659891747</ele>
    </trkpt>
    <trkpt lat="52.42019192" lon="13.45726308">
        <ele>-17976931348623157081452742373170435679807056752584499659891747</ele>
    </trkpt>
    <trkpt lat="52.42009244" lon="13.4568225">
        <ele>-17976931348623157081452742373170435679807056752584499659891747</ele>
    </trkpt>
    <trkpt lat="52.41992074" lon="13.45616172">
        <ele>-17976931348623157081452742373170435679807056752584499659891747</ele>
    </trkpt>
    <trkpt lat="52.41959548" lon="13.45495769">
        <ele>-17976931348623157081452742373170435679807056752584499659891747</ele>
    </trkpt>
    <trkpt lat="52.41943275" lon="13.45429689">
        <ele>-17976931348623157081452742373170435679807056752584499659891747</ele>
    </trkpt>
    <trkpt lat="52.41909898" lon="13.45343098">
        <ele>-17976931348623157081452742373170435679807056752584499659891747</ele>
    </trkpt>
    <trkpt lat="52.41887336" lon="13.45278514">
        <ele>-17976931348623157081452742373170435679807056752584499659891747</ele>
    </trkpt>
    <trkpt lat="52.41856665" lon="13.45199264">
        <ele>-17976931348623157081452742373170435679807056752584499659891747</ele>
    </trkpt>
    <trkpt lat="52.41825966" lon="13.45102377">
        <ele>-17976931348623157081452742373170435679807056752584499659891747</ele>
    </trkpt>
    <trkpt lat="52.41788952" lon="13.4498935">
        <ele>-17976931348623157081452742373170435679807056752584499659891747</ele>
    </trkpt>
    <trkpt lat="52.41782595" lon="13.44945281">
        <ele>-17976931348623157081452742373170435679807056752584499659891747</ele>
    </trkpt>
    <trkpt lat="52.41773551" lon="13.44907103">
        <ele>-17976931348623157081452742373170435679807056752584499659891747</ele>
    </trkpt>
    <trkpt lat="52.41768756" lon="13.4470723">
        <ele>-17976931348623157081452742373170435679807056752584499659891747</ele>
    </trkpt>
    <trkpt lat="52.41762821" lon="13.44353034">
        <ele>-17976931348623157081452742373170435679807056752584499659891747</ele>
    </trkpt>
    <trkpt lat="52.41750455" lon="13.43916557">
        <ele>-17976931348623157081452742373170435679807056752584499659891747</ele>
    </trkpt>
    <trkpt lat="52.41750296" lon="13.43816612">
        <ele>-17976931348623157081452742373170435679807056752584499659891747</ele>
    </trkpt>
    <trkpt lat="52.41663134" lon="13.43822863">
        <ele>-17976931348623157081452742373170435679807056752584499659891747</ele>
    </trkpt>
    <trkpt lat="52.41554438" lon="13.43849781">
        <ele>-17976931348623157081452742373170435679807056752584499659891747</ele>
    </trkpt>
    <trkpt lat="52.41450241" lon="13.43881088">
        <ele>-17976931348623157081452742373170435679807056752584499659891747</ele>
    </trkpt>
    <trkpt lat="52.4139958" lon="13.4367114">
        <ele>-17976931348623157081452742373170435679807056752584499659891747</ele>
    </trkpt>
    <trkpt lat="52.41338131" lon="13.43461243">
        <ele>-17976931348623157081452742373170435679807056752584499659891747</ele>
    </trkpt>
    <trkpt lat="52.4126316" lon="13.43227898">
        <ele>-17976931348623157081452742373170435679807056752584499659891747</ele>
    </trkpt>
    <trkpt lat="52.41235962" lon="13.43083995">
        <ele>-17976931348623157081452742373170435679807056752584499659891747</ele>
    </trkpt>
    <trkpt lat="52.41226849" lon="13.43007615">
        <ele>-17976931348623157081452742373170435679807056752584499659891747</ele>
    </trkpt>
    <trkpt lat="52.41188716" lon="13.42775587">
        <ele>-17976931348623157081452742373170435679807056752584499659891747</ele>
    </trkpt>
    <trkpt lat="52.41144311" lon="13.42556818">
        <ele>-17976931348623157081452742373170435679807056752584499659891747</ele>
    </trkpt>
    <trkpt lat="52.41118055" lon="13.4244231">
        <ele>-17976931348623157081452742373170435679807056752584499659891747</ele>
    </trkpt>
    <trkpt lat="52.41057401" lon="13.42185414">
        <ele>-17976931348623157081452742373170435679807056752584499659891747</ele>
    </trkpt>
    <trkpt lat="52.41042007" lon="13.42117886">
        <ele>-17976931348623157081452742373170435679807056752584499659891747</ele>
    </trkpt>
    <trkpt lat="52.41048994" lon="13.42001758">
        <ele>-17976931348623157081452742373170435679807056752584499659891747</ele>
    </trkpt>
    <trkpt lat="52.41058763" lon="13.41935583">
        <ele>-17976931348623157081452742373170435679807056752584499659891747</ele>
    </trkpt>
    <trkpt lat="52.41082831" lon="13.41823783">
        <ele>-17976931348623157081452742373170435679807056752584499659891747</ele>
    </trkpt>
    <trkpt lat="52.40874997" lon="13.41688098">
        <ele>-17976931348623157081452742373170435679807056752584499659891747</ele>
    </trkpt>
    <trkpt lat="52.40695044" lon="13.41565519">
        <ele>-17976931348623157081452742373170435679807056752584499659891747</ele>
    </trkpt>
    <trkpt lat="52.40527683" lon="13.41450235">
        <ele>-17976931348623157081452742373170435679807056752584499659891747</ele>
    </trkpt>
    <trkpt lat="52.4028025" lon="13.41285391">
        <ele>-17976931348623157081452742373170435679807056752584499659891747</ele>
    </trkpt>
    <trkpt lat="52.40132685" lon="13.41184725">
        <ele>-17976931348623157081452742373170435679807056752584499659891747</ele>
    </trkpt>
    <trkpt lat="52.40124661" lon="13.41220026">
        <ele>-17976931348623157081452742373170435679807056752584499659891747</ele>
    </trkpt>
    <trkpt lat="52.40126575" lon="13.41284664">
        <ele>-17976931348623157081452742373170435679807056752584499659891747</ele>
    </trkpt>
    <trkpt lat="52.40145962" lon="13.41571076">
        <ele>-17976931348623157081452742373170435679807056752584499659891747</ele>
    </trkpt>
    <trkpt lat="52.40157212" lon="13.4183402">
        <ele>-17976931348623157081452742373170435679807056752584499659891747</ele>
    </trkpt>
    <trkpt lat="52.40170986" lon="13.42001451">
        <ele>-17976931348623157081452742373170435679807056752584499659891747</ele>
    </trkpt>
    <trkpt lat="52.39973432" lon="13.42090526">
        <ele>-17976931348623157081452742373170435679807056752584499659891747</ele>
    </trkpt>
    <trkpt lat="52.39766908" lon="13.42189918">
        <ele>-17976931348623157081452742373170435679807056752584499659891747</ele>
    </trkpt>
    <trkpt lat="52.39609771" lon="13.42265568">
        <ele>-17976931348623157081452742373170435679807056752584499659891747</ele>
    </trkpt>
    <trkpt lat="52.39502882" lon="13.42296911">
        <ele>-17976931348623157081452742373170435679807056752584499659891747</ele>
    </trkpt>
    <trkpt lat="52.39499496" lon="13.42302038">
        <ele>-17976931348623157081452742373170435679807056752584499659891747</ele>
    </trkpt>
    <trkpt lat="52.39505413" lon="13.42469681">
        <ele>-17976931348623157081452742373170435679807056752584499659891747</ele>
    </trkpt>
    <trkpt lat="52.39008389" lon="13.42688906">
        <ele>-17976931348623157081452742373170435679807056752584499659891747</ele>
    </trkpt>
    <trkpt lat="52.38710543" lon="13.42814638">
        <ele>-17976931348623157081452742373170435679807056752584499659891747</ele>
    </trkpt>
    <trkpt lat="52.3859416" lon="13.42850101">
        <ele>-17976931348623157081452742373170435679807056752584499659891747</ele>
    </trkpt>
    <trkpt lat="52.38505392" lon="13.42795295">
        <ele>-17976931348623157081452742373170435679807056752584499659891747</ele>
    </trkpt>
    <trkpt lat="52.38499474" lon="13.42737264">
        <ele>-17976931348623157081452742373170435679807056752584499659891747</ele>
    </trkpt>
    <trkpt lat="52.38412676" lon="13.4267601">
        <ele>-17976931348623157081452742373170435679807056752584499659891747</ele>
    </trkpt>
    <trkpt lat="52.38219952" lon="13.42521637">
        <ele>-17976931348623157081452742373170435679807056752584499659891747</ele>
    </trkpt>
    <trkpt lat="52.38060699" lon="13.42412219">
        <ele>-17976931348623157081452742373170435679807056752584499659891747</ele>
    </trkpt>
    <trkpt lat="52.37918542" lon="13.42315947">
        <ele>-17976931348623157081452742373170435679807056752584499659891747</ele>
    </trkpt>
    <trkpt lat="52.37884327" lon="13.42277923">
        <ele>-17976931348623157081452742373170435679807056752584499659891747</ele>
    </trkpt>
    <trkpt lat="52.37808755" lon="13.42229811">
        <ele>-17976931348623157081452742373170435679807056752584499659891747</ele>
    </trkpt>
    <trkpt lat="52.37685494" lon="13.42148148">
        <ele>-17976931348623157081452742373170435679807056752584499659891747</ele>
    </trkpt>
    <trkpt lat="52.376153" lon="13.42092673">
        <ele>-17976931348623157081452742373170435679807056752584499659891747</ele>
    </trkpt>
    <trkpt lat="52.37578419" lon="13.42072287">
        <ele>-17976931348623157081452742373170435679807056752584499659891747</ele>
    </trkpt>
    <trkpt lat="52.37565524" lon="13.41893201">
        <ele>-17976931348623157081452742373170435679807056752584499659891747</ele>
    </trkpt>
    <trkpt lat="52.37551803" lon="13.41756705">
        <ele>-17976931348623157081452742373170435679807056752584499659891747</ele>
    </trkpt>
    <trkpt lat="52.3754855" lon="13.41721736">
        <ele>-17976931348623157081452742373170435679807056752584499659891747</ele>
    </trkpt>
    <trkpt lat="52.3754855" lon="13.41699169">
        <ele>-17976931348623157081452742373170435679807056752584499659891747</ele>
    </trkpt>
    <trkpt lat="52.37566308" lon="13.4165081">
        <ele>-17976931348623157081452742373170435679807056752584499659891747</ele>
    </trkpt>
    <trkpt lat="52.37591958" lon="13.41583108">
        <ele>-17976931348623157081452742373170435679807056752584499659891747</ele>
    </trkpt>
    <trkpt lat="52.37601823" lon="13.4125427">
        <ele>-17976931348623157081452742373170435679807056752584499659891747</ele>
    </trkpt>
    <trkpt lat="52.376255" lon="13.40780357">
        <ele>-17976931348623157081452742373170435679807056752584499659891747</ele>
    </trkpt>
    <trkpt lat="52.37633392" lon="13.40387041">
        <ele>-17976931348623157081452742373170435679807056752584499659891747</ele>
    </trkpt>
    <trkpt lat="52.376396638249403" lon="13.403632096368526">
        <ele>-17976931348623157081452742373170435679807056752584499659891747</ele>
    </trkpt>
    <trkpt lat="52.376632482590622" lon="13.402874245270738">
        <ele>-17976931348623157081452742373170435679807056752584499659891747</ele>
    </trkpt>
    <trkpt lat="52.376617804589813" lon="13.402064607745972">
        <ele>-17976931348623157081452742373170435679807056752584499659891747</ele>
    </trkpt>
    <trkpt lat="52.376794996072924" lon="13.401556863851594">
        <ele>-17976931348623157081452742373170435679807056752584499659891747</ele>
    </trkpt>
    <trkpt lat="52.37705029" lon="13.40048176">
        <ele>-17976931348623157081452742373170435679807056752584499659891747</ele>
    </trkpt>
    <trkpt lat="52.37716461" lon="13.39917426">
        <ele>-17976931348623157081452742373170435679807056752584499659891747</ele>
    </trkpt>
    <trkpt lat="52.37719863" lon="13.39817553">
        <ele>-17976931348623157081452742373170435679807056752584499659891747</ele>
    </trkpt>
    <trkpt lat="52.37725915" lon="13.39694172">
        <ele>-17976931348623157081452742373170435679807056752584499659891747</ele>
    </trkpt>
    <trkpt lat="52.3773804" lon="13.39460624">
        <ele>-17976931348623157081452742373170435679807056752584499659891747</ele>
    </trkpt>
    <trkpt lat="52.37737925" lon="13.39401886">
        <ele>-17976931348623157081452742373170435679807056752584499659891747</ele>
    </trkpt>
    <trkpt lat="52.37751646" lon="13.39069941">
        <ele>-17976931348623157081452742373170435679807056752584499659891747</ele>
    </trkpt>
    <trkpt lat="52.37759293" lon="13.3884963">
        <ele>-17976931348623157081452742373170435679807056752584499659891747</ele>
    </trkpt>
    <trkpt lat="52.3775918" lon="13.38793829">
        <ele>-17976931348623157081452742373170435679807056752584499659891747</ele>
    </trkpt>
    <trkpt lat="52.37772633" lon="13.3878054">
        <ele>-17976931348623157081452742373170435679807056752584499659891747</ele>
    </trkpt>
    <trkpt lat="52.3789302" lon="13.38762269">
        <ele>-17976931348623157081452742373170435679807056752584499659891747</ele>
    </trkpt>
    <trkpt lat="52.38073587" lon="13.38728985">
        <ele>-17976931348623157081452742373170435679807056752584499659891747</ele>
    </trkpt>
    <trkpt lat="52.38235292" lon="13.38700207">
        <ele>-17976931348623157081452742373170435679807056752584499659891747</ele>
    </trkpt>
    <trkpt lat="52.38400597" lon="13.38674345">
        <ele>-17976931348623157081452742373170435679807056752584499659891747</ele>
    </trkpt>
    <trkpt lat="52.38634176" lon="13.3863636">
        <ele>-17976931348623157081452742373170435679807056752584499659891747</ele>
    </trkpt>
    <trkpt lat="52.38742871" lon="13.38613738">
        <ele>-17976931348623157081452742373170435679807056752584499659891747</ele>
    </trkpt>
    <trkpt lat="52.38763492" lon="13.38590125">
        <ele>-17976931348623157081452742373170435679807056752584499659891747</ele>
    </trkpt>
    <trkpt lat="52.38763307" lon="13.38499061">
        <ele>-17976931348623157081452742373170435679807056752584499659891747</ele>
    </trkpt>
    <trkpt lat="52.3875155" lon="13.38027641">
        <ele>-17976931348623157081452742373170435679807056752584499659891747</ele>
    </trkpt>
    <trkpt lat="52.38740298" lon="13.37804447">
        <ele>-17976931348623157081452742373170435679807056752584499659891747</ele>
    </trkpt>
    <trkpt lat="52.38739158" lon="13.37689887">
        <ele>-17976931348623157081452742373170435679807056752584499659891747</ele>
    </trkpt>
    <trkpt lat="52.38759141" lon="13.37366639">
        <ele>-17976931348623157081452742373170435679807056752584499659891747</ele>
    </trkpt>
    <trkpt lat="52.38792387" lon="13.36947837">
        <ele>-17976931348623157081452742373170435679807056752584499659891747</ele>
    </trkpt>
    <trkpt lat="52.38800446" lon="13.36934571">
        <ele>-17976931348623157081452742373170435679807056752584499659891747</ele>
    </trkpt>
    <trkpt lat="52.38814825" lon="13.36934488">
        <ele>-17976931348623157081452742373170435679807056752584499659891747</ele>
    </trkpt>
    <trkpt lat="52.38947917" lon="13.36974842">
        <ele>-17976931348623157081452742373170435679807056752584499659891747</ele>
    </trkpt>
    <trkpt lat="52.39135847" lon="13.37023695">
        <ele>-17976931348623157081452742373170435679807056752584499659891747</ele>
    </trkpt>
    <trkpt lat="52.39222174" lon="13.37048167">
        <ele>-17976931348623157081452742373170435679807056752584499659891747</ele>
    </trkpt>
    <trkpt lat="52.39241043" lon="13.37046589">
        <ele>-17976931348623157081452742373170435679807056752584499659891747</ele>
    </trkpt>
    <trkpt lat="52.39260718" lon="13.37002406">
        <ele>-17976931348623157081452742373170435679807056752584499659891747</ele>
    </trkpt>
    <trkpt lat="52.39308031" lon="13.36856702">
        <ele>-17976931348623157081452742373170435679807056752584499659891747</ele>
    </trkpt>
    <trkpt lat="52.39358054" lon="13.36718324">
        <ele>-17976931348623157081452742373170435679807056752584499659891747</ele>
    </trkpt>
    <trkpt lat="52.39395585" lon="13.3662115">
        <ele>-17976931348623157081452742373170435679807056752584499659891747</ele>
    </trkpt>
    <trkpt lat="52.394617" lon="13.36445945">
        <ele>-17976931348623157081452742373170435679807056752584499659891747</ele>
    </trkpt>
    <trkpt lat="52.39509039" lon="13.36314919">
        <ele>-17976931348623157081452742373170435679807056752584499659891747</ele>
    </trkpt>
    <trkpt lat="52.39523336" lon="13.36278108">
        <ele>-17976931348623157081452742373170435679807056752584499659891747</ele>
    </trkpt>
    <trkpt lat="52.39579686" lon="13.36158777">
        <ele>-17976931348623157081452742373170435679807056752584499659891747</ele>
    </trkpt>
    <trkpt lat="52.39656614" lon="13.35999653">
        <ele>-17976931348623157081452742373170435679807056752584499659891747</ele>
    </trkpt>
    <trkpt lat="52.39696852" lon="13.35909795">
        <ele>-17976931348623157081452742373170435679807056752584499659891747</ele>
    </trkpt>
    <trkpt lat="52.39739838" lon="13.35843424">
        <ele>-17976931348623157081452742373170435679807056752584499659891747</ele>
    </trkpt>
    <trkpt lat="52.39868791" lon="13.35642836">
        <ele>-17976931348623157081452742373170435679807056752584499659891747</ele>
    </trkpt>
    <trkpt lat="52.39996846" lon="13.3544371">
        <ele>-17976931348623157081452742373170435679807056752584499659891747</ele>
    </trkpt>
    <trkpt lat="52.40103403" lon="13.35277029">
        <ele>-17976931348623157081452742373170435679807056752584499659891747</ele>
    </trkpt>
    <trkpt lat="52.40135636" lon="13.35225406">
        <ele>-17976931348623157081452742373170435679807056752584499659891747</ele>
    </trkpt>
    <trkpt lat="52.40198689" lon="13.35288194">
        <ele>-17976931348623157081452742373170435679807056752584499659891747</ele>
    </trkpt>
    <trkpt lat="52.40212105" lon="13.35260194">
        <ele>-17976931348623157081452742373170435679807056752584499659891747</ele>
    </trkpt>
    <trkpt lat="52.40168839" lon="13.3520463">
        <ele>-17976931348623157081452742373170435679807056752584499659891747</ele>
    </trkpt>
    <trkpt lat="52.40157126" lon="13.35191479">
        <ele>-17976931348623157081452742373170435679807056752584499659891747</ele>
    </trkpt>
    <trkpt lat="52.40204591" lon="13.35120659">
        <ele>-17976931348623157081452742373170435679807056752584499659891747</ele>
    </trkpt>
    <trkpt lat="52.40316526" lon="13.34949521">
        <ele>-17976931348623157081452742373170435679807056752584499659891747</ele>
    </trkpt>
    <trkpt lat="52.40439187" lon="13.34754797">
        <ele>-17976931348623157081452742373170435679807056752584499659891747</ele>
    </trkpt>
    <trkpt lat="52.40551137" lon="13.34592457">
        <ele>-17976931348623157081452742373170435679807056752584499659891747</ele>
    </trkpt>
    <trkpt lat="52.40670201" lon="13.34399205">
        <ele>-17976931348623157081452742373170435679807056752584499659891747</ele>
    </trkpt>
    <trkpt lat="52.40774975" lon="13.34244241">
        <ele>-17976931348623157081452742373170435679807056752584499659891747</ele>
    </trkpt>
    <trkpt lat="52.40863603" lon="13.34102599">
        <ele>-17976931348623157081452742373170435679807056752584499659891747</ele>
    </trkpt>
    <trkpt lat="52.40929056" lon="13.34040457">
        <ele>-17976931348623157081452742373170435679807056752584499659891747</ele>
    </trkpt>
    <trkpt lat="52.40964917" lon="13.34004956">
        <ele>-17976931348623157081452742373170435679807056752584499659891747</ele>
    </trkpt>
    <trkpt lat="52.40974735" lon="13.33976971">
        <ele>-17976931348623157081452742373170435679807056752584499659891747</ele>
    </trkpt>
    <trkpt lat="52.40971062" lon="13.33944665">
        <ele>-17976931348623157081452742373170435679807056752584499659891747</ele>
    </trkpt>
    <trkpt lat="52.40952054" lon="13.33888946">
        <ele>-17976931348623157081452742373170435679807056752584499659891747</ele>
    </trkpt>
    <trkpt lat="52.40930332" lon="13.33825898">
        <ele>-17976931348623157081452742373170435679807056752584499659891747</ele>
    </trkpt>
    <trkpt lat="52.40906795" lon="13.33755515">
        <ele>-17976931348623157081452742373170435679807056752584499659891747</ele>
    </trkpt>
    <trkpt lat="52.40875122" lon="13.33666082">
        <ele>-17976931348623157081452742373170435679807056752584499659891747</ele>
    </trkpt>
    <trkpt lat="52.40833506" lon="13.33553204">
        <ele>-17976931348623157081452742373170435679807056752584499659891747</ele>
    </trkpt>
    <trkpt lat="52.40786482" lon="13.33434486">
        <ele>-17976931348623157081452742373170435679807056752584499659891747</ele>
    </trkpt>
    <trkpt lat="52.407494" lon="13.33339216">
        <ele>-17976931348623157081452742373170435679807056752584499659891747</ele>
    </trkpt>
    <trkpt lat="52.40708694" lon="13.33232215">
        <ele>-17976931348623157081452742373170435679807056752584499659891747</ele>
    </trkpt>
    <trkpt lat="52.40681551" lon="13.33158924">
        <ele>-17976931348623157081452742373170435679807056752584499659891747</ele>
    </trkpt>
    <trkpt lat="52.40656226" lon="13.33094438">
        <ele>-17976931348623157081452742373170435679807056752584499659891747</ele>
    </trkpt>
    <trkpt lat="52.40631823" lon="13.33038763">
        <ele>-17976931348623157081452742373170435679807056752584499659891747</ele>
    </trkpt>
    <trkpt lat="52.40591114" lon="13.32931768">
        <ele>-17976931348623157081452742373170435679807056752584499659891747</ele>
    </trkpt>
    <trkpt lat="52.40551314" lon="13.32829178">
        <ele>-17976931348623157081452742373170435679807056752584499659891747</ele>
    </trkpt>
    <trkpt lat="52.40523266" lon="13.32754428">
        <ele>-17976931348623157081452742373170435679807056752584499659891747</ele>
    </trkpt>
    <trkpt lat="52.40498838" lon="13.32689941">
        <ele>-17976931348623157081452742373170435679807056752584499659891747</ele>
    </trkpt>
    <trkpt lat="52.40468108" lon="13.32621089">
        <ele>-17976931348623157081452742373170435679807056752584499659891747</ele>
    </trkpt>
    <trkpt lat="52.40434633" lon="13.32533154">
        <ele>-17976931348623157081452742373170435679807056752584499659891747</ele>
    </trkpt>
    <trkpt lat="52.40402053" lon="13.32443746">
        <ele>-17976931348623157081452742373170435679807056752584499659891747</ele>
    </trkpt>
    <trkpt lat="52.40350494" lon="13.32313327">
        <ele>-17976931348623157081452742373170435679807056752584499659891747</ele>
    </trkpt>
    <trkpt lat="52.40264553" lon="13.32093522">
        <ele>-17976931348623157081452742373170435679807056752584499659891747</ele>
    </trkpt>
    <trkpt lat="52.40244657" lon="13.32045172">
        <ele>-17976931348623157081452742373170435679807056752584499659891747</ele>
    </trkpt>
    <trkpt lat="52.40206654" lon="13.31945524">
        <ele>-17976931348623157081452742373170435679807056752584499659891747</ele>
    </trkpt>
    <trkpt lat="52.40183133" lon="13.31885447">
        <ele>-17976931348623157081452742373170435679807056752584499659891747</ele>
    </trkpt>
    <trkpt lat="52.40143319" lon="13.31781406">
        <ele>-17976931348623157081452742373170435679807056752584499659891747</ele>
    </trkpt>
    <trkpt lat="52.40115284" lon="13.31714016">
        <ele>-17976931348623157081452742373170435679807056752584499659891747</ele>
    </trkpt>
    <trkpt lat="52.40082713" lon="13.31630497">
        <ele>-17976931348623157081452742373170435679807056752584499659891747</ele>
    </trkpt>
    <trkpt lat="52.40060096" lon="13.31573355">
        <ele>-17976931348623157081452742373170435679807056752584499659891747</ele>
    </trkpt>
    <trkpt lat="52.40037486" lon="13.31519153">
        <ele>-17976931348623157081452742373170435679807056752584499659891747</ele>
    </trkpt>
    <trkpt lat="52.40026628" lon="13.31491314">
        <ele>-17976931348623157081452742373170435679807056752584499659891747</ele>
    </trkpt>
    <trkpt lat="52.40006773" lon="13.31459131">
        <ele>-17976931348623157081452742373170435679807056752584499659891747</ele>
    </trkpt>
    <trkpt lat="52.39990527" lon="13.314328">
        <ele>-17976931348623157081452742373170435679807056752584499659891747</ele>
    </trkpt>
    <trkpt lat="52.39964345" lon="13.31387439">
        <ele>-17976931348623157081452742373170435679807056752584499659891747</ele>
    </trkpt>
    <trkpt lat="52.39940859" lon="13.3134206">
        <ele>-17976931348623157081452742373170435679807056752584499659891747</ele>
    </trkpt>
    <trkpt lat="52.39916483" lon="13.31299626">
        <ele>-17976931348623157081452742373170435679807056752584499659891747</ele>
    </trkpt>
    <trkpt lat="52.3989842" lon="13.31265963">
        <ele>-17976931348623157081452742373170435679807056752584499659891747</ele>
    </trkpt>
    <trkpt lat="52.39885784" lon="13.31245484">
        <ele>-17976931348623157081452742373170435679807056752584499659891747</ele>
    </trkpt>
    <trkpt lat="52.39869506" lon="13.31207401">
        <ele>-17976931348623157081452742373170435679807056752584499659891747</ele>
    </trkpt>
    <trkpt lat="52.39868284" lon="13.31205374">
        <ele>-17976931348623157081452742373170435679807056752584499659891747</ele>
    </trkpt>
    <trkpt lat="52.39986604" lon="13.3108609">
        <ele>-17976931348623157081452742373170435679807056752584499659891747</ele>
    </trkpt>
    <trkpt lat="52.40131205" lon="13.30939604">
        <ele>-17976931348623157081452742373170435679807056752584499659891747</ele>
    </trkpt>
    <trkpt lat="52.401545" lon="13.3091299">
        <ele>-17976931348623157081452742373170435679807056752584499659891747</ele>
    </trkpt>
    <trkpt lat="52.40178684" lon="13.30883431">
        <ele>-17976931348623157081452742373170435679807056752584499659891747</ele>
    </trkpt>
    <trkpt lat="52.40194813" lon="13.30865684">
        <ele>-17976931348623157081452742373170435679807056752584499659891747</ele>
    </trkpt>
    <trkpt lat="52.40219904" lon="13.30839056">
        <ele>-17976931348623157081452742373170435679807056752584499659891747</ele>
    </trkpt>
    <trkpt lat="52.40270966" lon="13.30778447">
        <ele>-17976931348623157081452742373170435679807056752584499659891747</ele>
    </trkpt>
    <trkpt lat="52.40288308" lon="13.30760476">
        <ele>-17976931348623157081452742373170435679807056752584499659891747</ele>
    </trkpt>
    <trkpt lat="52.40359294" lon="13.30676655">
        <ele>-17976931348623157081452742373170435679807056752584499659891747</ele>
    </trkpt>
    <trkpt lat="52.40432251" lon="13.30695998">
        <ele>-17976931348623157081452742373170435679807056752584499659891747</ele>
    </trkpt>
    <trkpt lat="52.40584076" lon="13.30544475">
        <ele>-17976931348623157081452742373170435679807056752584499659891747</ele>
    </trkpt>
    <trkpt lat="52.40578161" lon="13.30496116">
        <ele>-17976931348623157081452742373170435679807056752584499659891747</ele>
    </trkpt>
    <trkpt lat="52.4069252" lon="13.30405847">
        <ele>-17976931348623157081452742373170435679807056752584499659891747</ele>
    </trkpt>
    <trkpt lat="52.40700406" lon="13.30344593">
        <ele>-17976931348623157081452742373170435679807056752584499659891747</ele>
    </trkpt>
    <trkpt lat="52.4081279" lon="13.3023498">
        <ele>-17976931348623157081452742373170435679807056752584499659891747</ele>
    </trkpt>
    <trkpt lat="52.40948447" lon="13.30074066">
        <ele>-17976931348623157081452742373170435679807056752584499659891747</ele>
    </trkpt>
    <trkpt lat="52.40977107" lon="13.30038585">
        <ele>-17976931348623157081452742373170435679807056752584499659891747</ele>
    </trkpt>
    <trkpt lat="52.40998602" lon="13.30011975">
        <ele>-17976931348623157081452742373170435679807056752584499659891747</ele>
    </trkpt>
    <trkpt lat="52.41013806" lon="13.29985411">
        <ele>-17976931348623157081452742373170435679807056752584499659891747</ele>
    </trkpt>
    <trkpt lat="52.41037984" lon="13.29954371">
        <ele>-17976931348623157081452742373170435679807056752584499659891747</ele>
    </trkpt>
    <trkpt lat="52.4105858" lon="13.29927766">
        <ele>-17976931348623157081452742373170435679807056752584499659891747</ele>
    </trkpt>
    <trkpt lat="52.41073797" lon="13.2990561">
        <ele>-17976931348623157081452742373170435679807056752584499659891747</ele>
    </trkpt>
    <trkpt lat="52.41089025" lon="13.29887862">
        <ele>-17976931348623157081452742373170435679807056752584499659891747</ele>
    </trkpt>
    <trkpt lat="52.4110784" lon="13.29867149">
        <ele>-17976931348623157081452742373170435679807056752584499659891747</ele>
    </trkpt>
    <trkpt lat="52.41148157" lon="13.29822762">
        <ele>-17976931348623157081452742373170435679807056752584499659891747</ele>
    </trkpt>
    <trkpt lat="52.41183099" lon="13.29784292">
        <ele>-17976931348623157081452742373170435679807056752584499659891747</ele>
    </trkpt>
    <trkpt lat="52.41257475" lon="13.29707318">
        <ele>-17976931348623157081452742373170435679807056752584499659891747</ele>
    </trkpt>
    <trkpt lat="52.41312145" lon="13.29654003">
        <ele>-17976931348623157081452742373170435679807056752584499659891747</ele>
    </trkpt>
    <trkpt lat="52.41369487" lon="13.29591849">
        <ele>-17976931348623157081452742373170435679807056752584499659891747</ele>
    </trkpt>
    <trkpt lat="52.41387411" lon="13.29574079">
        <ele>-17976931348623157081452742373170435679807056752584499659891747</ele>
    </trkpt>
    <trkpt lat="52.41415183" lon="13.29543007">
        <ele>-17976931348623157081452742373170435679807056752584499659891747</ele>
    </trkpt>
    <trkpt lat="52.41435778" lon="13.29516399">
        <ele>-17976931348623157081452742373170435679807056752584499659891747</ele>
    </trkpt>
    <trkpt lat="52.41428547" lon="13.29501756">
        <ele>-17976931348623157081452742373170435679807056752584499659891747</ele>
    </trkpt>
    <trkpt lat="52.41380559" lon="13.29374254">
        <ele>-17976931348623157081452742373170435679807056752584499659891747</ele>
    </trkpt>
    <trkpt lat="52.41345205" lon="13.29265765">
        <ele>-17976931348623157081452742373170435679807056752584499659891747</ele>
    </trkpt>
    <trkpt lat="52.41290924" lon="13.29138315">
        <ele>-17976931348623157081452742373170435679807056752584499659891747</ele>
    </trkpt>
    <trkpt lat="52.41268332" lon="13.29094397">
        <ele>-17976931348623157081452742373170435679807056752584499659891747</ele>
    </trkpt>
    <trkpt lat="52.41092751" lon="13.28787449">
        <ele>-17976931348623157081452742373170435679807056752584499659891747</ele>
    </trkpt>
    <trkpt lat="52.40881796" lon="13.28403805">
        <ele>-17976931348623157081452742373170435679807056752584499659891747</ele>
    </trkpt>
    <trkpt lat="52.40747726" lon="13.28155565">
        <ele>-17976931348623157081452742373170435679807056752584499659891747</ele>
    </trkpt>
    <trkpt lat="52.40601822" lon="13.27923444">
        <ele>-17976931348623157081452742373170435679807056752584499659891747</ele>
    </trkpt>
    <trkpt lat="52.40505207" lon="13.2774613">
        <ele>-17976931348623157081452742373170435679807056752584499659891747</ele>
    </trkpt>
    <trkpt lat="52.40459856" lon="13.2767198">
        <ele>-17976931348623157081452742373170435679807056752584499659891747</ele>
    </trkpt>
    <trkpt lat="52.40446054" lon="13.2761395">
        <ele>-17976931348623157081452742373170435679807056752584499659891747</ele>
    </trkpt>
    <trkpt lat="52.40432666" lon="13.27582887">
        <ele>-17976931348623157081452742373170435679807056752584499659891747</ele>
    </trkpt>
    <trkpt lat="52.40425276" lon="13.27515355">
        <ele>-17976931348623157081452742373170435679807056752584499659891747</ele>
    </trkpt>
    <trkpt lat="52.40386796" lon="13.2726881">
        <ele>-17976931348623157081452742373170435679807056752584499659891747</ele>
    </trkpt>
    <trkpt lat="52.40367471" lon="13.27117623">
        <ele>-17976931348623157081452742373170435679807056752584499659891747</ele>
    </trkpt>
    <trkpt lat="52.40363211" lon="13.26897256">
        <ele>-17976931348623157081452742373170435679807056752584499659891747</ele>
    </trkpt>
    <trkpt lat="52.40448544" lon="13.26883341">
        <ele>-17976931348623157081452742373170435679807056752584499659891747</ele>
    </trkpt>
    <trkpt lat="52.40451938" lon="13.26817192">
        <ele>-17976931348623157081452742373170435679807056752584499659891747</ele>
    </trkpt>
    <trkpt lat="52.40468598" lon="13.26680405">
        <ele>-17976931348623157081452742373170435679807056752584499659891747</ele>
    </trkpt>
    <trkpt lat="52.40485372" lon="13.2658182">
        <ele>-17976931348623157081452742373170435679807056752584499659891747</ele>
    </trkpt>
    <trkpt lat="52.40498569" lon="13.26489141">
        <ele>-17976931348623157081452742373170435679807056752584499659891747</ele>
    </trkpt>
    <trkpt lat="52.40526148" lon="13.26397813">
        <ele>-17976931348623157081452742373170435679807056752584499659891747</ele>
    </trkpt>
    <trkpt lat="52.40561851" lon="13.26318172">
        <ele>-17976931348623157081452742373170435679807056752584499659891747</ele>
    </trkpt>
    <trkpt lat="52.40603799" lon="13.26223784">
        <ele>-17976931348623157081452742373170435679807056752584499659891747</ele>
    </trkpt>
    <trkpt lat="52.40642164" lon="13.26133833">
        <ele>-17976931348623157081452742373170435679807056752584499659891747</ele>
    </trkpt>
    <trkpt lat="52.40667825" lon="13.2600431">
        <ele>-17976931348623157081452742373170435679807056752584499659891747</ele>
    </trkpt>
    <trkpt lat="52.40679239" lon="13.25917517">
        <ele>-17976931348623157081452742373170435679807056752584499659891747</ele>
    </trkpt>
    <trkpt lat="52.40679767" lon="13.25798488">
        <ele>-17976931348623157081452742373170435679807056752584499659891747</ele>
    </trkpt>
    <trkpt lat="52.40670427" lon="13.25685418">
        <ele>-17976931348623157081452742373170435679807056752584499659891747</ele>
    </trkpt>
    <trkpt lat="52.40652869" lon="13.25531274">
        <ele>-17976931348623157081452742373170435679807056752584499659891747</ele>
    </trkpt>
    <trkpt lat="52.40647171" lon="13.25505519">
        <ele>-17976931348623157081452742373170435679807056752584499659891747</ele>
    </trkpt>
    <trkpt lat="52.40619567" lon="13.25318533">
        <ele>-17976931348623157081452742373170435679807056752584499659891747</ele>
    </trkpt>
    <trkpt lat="52.40636661" lon="13.25236054">
        <ele>-17976931348623157081452742373170435679807056752584499659891747</ele>
    </trkpt>
    <trkpt lat="52.40667983" lon="13.25194644">
        <ele>-17976931348623157081452742373170435679807056752584499659891747</ele>
    </trkpt>
    <trkpt lat="52.40712888" lon="13.25185447">
        <ele>-17976931348623157081452742373170435679807056752584499659891747</ele>
    </trkpt>
    <trkpt lat="52.40769462" lon="13.25171743">
        <ele>-17976931348623157081452742373170435679807056752584499659891747</ele>
    </trkpt>
    <trkpt lat="52.4075171" lon="13.24958819">
        <ele>-17976931348623157081452742373170435679807056752584499659891747</ele>
    </trkpt>
    <trkpt lat="52.40762433" lon="13.24939625">
        <ele>-17976931348623157081452742373170435679807056752584499659891747</ele>
    </trkpt>
    <trkpt lat="52.40803738" lon="13.24928986">
        <ele>-17976931348623157081452742373170435679807056752584499659891747</ele>
    </trkpt>
    <trkpt lat="52.40835177" lon="13.24924309">
        <ele>-17976931348623157081452742373170435679807056752584499659891747</ele>
    </trkpt>
    <trkpt lat="52.40865722" lon="13.2492111">
        <ele>-17976931348623157081452742373170435679807056752584499659891747</ele>
    </trkpt>
    <trkpt lat="52.40944841" lon="13.24932191">
        <ele>-17976931348623157081452742373170435679807056752584499659891747</ele>
    </trkpt>
    <trkpt lat="52.41053588" lon="13.24934202">
        <ele>-17976931348623157081452742373170435679807056752584499659891747</ele>
    </trkpt>
    <trkpt lat="52.41178487" lon="13.24928728">
        <ele>-17976931348623157081452742373170435679807056752584499659891747</ele>
    </trkpt>
    <trkpt lat="52.41358894" lon="13.24873635">
        <ele>-17976931348623157081452742373170435679807056752584499659891747</ele>
    </trkpt>
    <trkpt lat="52.41514629" lon="13.24831724">
        <ele>-17976931348623157081452742373170435679807056752584499659891747</ele>
    </trkpt>
    <trkpt lat="52.41674302" lon="13.24789813">
        <ele>-17976931348623157081452742373170435679807056752584499659891747</ele>
    </trkpt>
    <trkpt lat="52.41747237" lon="13.24767246">
        <ele>-17976931348623157081452742373170435679807056752584499659891747</ele>
    </trkpt>
    <trkpt lat="52.41763079" lon="13.24788516">
        <ele>-17976931348623157081452742373170435679807056752584499659891747</ele>
    </trkpt>
    <trkpt lat="52.41853203" lon="13.24868585">
        <ele>-17976931348623157081452742373170435679807056752584499659891747</ele>
    </trkpt>
    <trkpt lat="52.41934227" lon="13.24913458">
        <ele>-17976931348623157081452742373170435679807056752584499659891747</ele>
    </trkpt>
    <trkpt lat="52.42073702" lon="13.2468884">
        <ele>-17976931348623157081452742373170435679807056752584499659891747</ele>
    </trkpt>
    <trkpt lat="52.4215511" lon="13.24573485">
        <ele>-17976931348623157081452742373170435679807056752584499659891747</ele>
    </trkpt>
    <trkpt lat="52.42146914" lon="13.24539747">
        <ele>-17976931348623157081452742373170435679807056752584499659891747</ele>
    </trkpt>
    <trkpt lat="52.42141365" lon="13.24491287">
        <ele>-17976931348623157081452742373170435679807056752584499659891747</ele>
    </trkpt>
    <trkpt lat="52.42127731" lon="13.2416655">
        <ele>-17976931348623157081452742373170435679807056752584499659891747</ele>
    </trkpt>
    <trkpt lat="52.42116644" lon="13.23799165">
        <ele>-17976931348623157081452742373170435679807056752584499659891747</ele>
    </trkpt>
    <trkpt lat="52.42116806" lon="13.23575735">
        <ele>-17976931348623157081452742373170435679807056752584499659891747</ele>
    </trkpt>
    <trkpt lat="52.42103001" lon="13.23477372">
        <ele>-17976931348623157081452742373170435679807056752584499659891747</ele>
    </trkpt>
    <trkpt lat="52.42075573" lon="13.23336503">
        <ele>-17976931348623157081452742373170435679807056752584499659891747</ele>
    </trkpt>
    <trkpt lat="52.42067064" lon="13.23210166">
        <ele>-17976931348623157081452742373170435679807056752584499659891747</ele>
    </trkpt>
    <trkpt lat="52.42077233" lon="13.23026336">
        <ele>-17976931348623157081452742373170435679807056752584499659891747</ele>
    </trkpt>
    <trkpt lat="52.42091734" lon="13.22795428">
        <ele>-17976931348623157081452742373170435679807056752584499659891747</ele>
    </trkpt>
    <trkpt lat="52.42108447" lon="13.22687973">
        <ele>-17976931348623157081452742373170435679807056752584499659891747</ele>
    </trkpt>
    <trkpt lat="52.42127269" lon="13.22673104">
        <ele>-17976931348623157081452742373170435679807056752584499659891747</ele>
    </trkpt>
    <trkpt lat="52.42110854" lon="13.22602696">
        <ele>-17976931348623157081452742373170435679807056752584499659891747</ele>
    </trkpt>
    <trkpt lat="52.42093476" lon="13.22513188">
        <ele>-17976931348623157081452742373170435679807056752584499659891747</ele>
    </trkpt>
    <trkpt lat="52.42115932" lon="13.22510044">
        <ele>-17976931348623157081452742373170435679807056752584499659891747</ele>
    </trkpt>
    <trkpt lat="52.4245013" lon="13.22477607">
        <ele>-17976931348623157081452742373170435679807056752584499659891747</ele>
    </trkpt>
    <trkpt lat="52.42342906" lon="13.22131661">
        <ele>-17976931348623157081452742373170435679807056752584499659891747</ele>
    </trkpt>
    <trkpt lat="52.42209396" lon="13.21724236">
        <ele>-17976931348623157081452742373170435679807056752584499659891747</ele>
    </trkpt>
    <trkpt lat="52.42030457" lon="13.2117909">
        <ele>-17976931348623157081452742373170435679807056752584499659891747</ele>
    </trkpt>
    <trkpt lat="52.41863274" lon="13.20661803">
        <ele>-17976931348623157081452742373170435679807056752584499659891747</ele>
    </trkpt>
    <trkpt lat="52.41760616" lon="13.20351178">
        <ele>-17976931348623157081452742373170435679807056752584499659891747</ele>
    </trkpt>
    <trkpt lat="52.41620723" lon="13.19935102">
        <ele>-17976931348623157081452742373170435679807056752584499659891747</ele>
    </trkpt>
    <trkpt lat="52.41508032" lon="13.19589335">
        <ele>-17976931348623157081452742373170435679807056752584499659891747</ele>
    </trkpt>
    <trkpt lat="52.41423475" lon="13.19321203">
        <ele>-17976931348623157081452742373170435679807056752584499659891747</ele>
    </trkpt>
    <trkpt lat="52.41367122" lon="13.19148333">
        <ele>-17976931348623157081452742373170435679807056752584499659891747</ele>
    </trkpt>
    <trkpt lat="52.41201713" lon="13.18648817">
        <ele>-17976931348623157081452742373170435679807056752584499659891747</ele>
    </trkpt>
    <trkpt lat="52.41035451" lon="13.18166982">
        <ele>-17976931348623157081452742373170435679807056752584499659891747</ele>
    </trkpt>
    <trkpt lat="52.40843661" lon="13.17594333">
        <ele>-17976931348623157081452742373170435679807056752584499659891747</ele>
    </trkpt>
    <trkpt lat="52.40693639" lon="13.17140328">
        <ele>-17976931348623157081452742373170435679807056752584499659891747</ele>
    </trkpt>
    <trkpt lat="52.40482703" lon="13.1651066">
        <ele>-17976931348623157081452742373170435679807056752584499659891747</ele>
    </trkpt>
    <trkpt lat="52.40341719" lon="13.16080143">
        <ele>-17976931348623157081452742373170435679807056752584499659891747</ele>
    </trkpt>
    <trkpt lat="52.4028718" lon="13.15923499">
        <ele>-17976931348623157081452742373170435679807056752584499659891747</ele>
    </trkpt>
    <trkpt lat="52.40234442" lon="13.1576831">
        <ele>-17976931348623157081452742373170435679807056752584499659891747</ele>
    </trkpt>
    <trkpt lat="52.40158062" lon="13.15544318">
        <ele>-17976931348623157081452742373170435679807056752584499659891747</ele>
    </trkpt>
    <trkpt lat="52.40090741" lon="13.15339338">
        <ele>-17976931348623157081452742373170435679807056752584499659891747</ele>
    </trkpt>
    <trkpt lat="52.40049819" lon="13.15219298">
        <ele>-17976931348623157081452742373170435679807056752584499659891747</ele>
    </trkpt>
    <trkpt lat="52.3998614" lon="13.15027511">
        <ele>-17976931348623157081452742373170435679807056752584499659891747</ele>
    </trkpt>
    <trkpt lat="52.39946125" lon="13.14910405">
        <ele>-17976931348623157081452742373170435679807056752584499659891747</ele>
    </trkpt>
    <trkpt lat="52.39909669" lon="13.14784447">
        <ele>-17976931348623157081452742373170435679807056752584499659891747</ele>
    </trkpt>
    <trkpt lat="52.39885197" lon="13.1473329">
        <ele>-17976931348623157081452742373170435679807056752584499659891747</ele>
    </trkpt>
    <trkpt lat="52.39891219" lon="13.1466711">
        <ele>-17976931348623157081452742373170435679807056752584499659891747</ele>
    </trkpt>
    <trkpt lat="52.39904191" lon="13.14542087">
        <ele>-17976931348623157081452742373170435679807056752584499659891747</ele>
    </trkpt>
    <trkpt lat="52.39823817" lon="13.14445996">
        <ele>-17976931348623157081452742373170435679807056752584499659891747</ele>
    </trkpt>
    <trkpt lat="52.3976598" lon="13.14367292">
        <ele>-17976931348623157081452742373170435679807056752584499659891747</ele>
    </trkpt>
    <trkpt lat="52.39847552" lon="13.14316449">
        <ele>-17976931348623157081452742373170435679807056752584499659891747</ele>
    </trkpt>
    <trkpt lat="52.39896085" lon="13.14317388">
        <ele>-17976931348623157081452742373170435679807056752584499659891747</ele>
    </trkpt>
    <trkpt lat="52.39914837" lon="13.14287799">
        <ele>-17976931348623157081452742373170435679807056752584499659891747</ele>
    </trkpt>
    <trkpt lat="52.39916435" lon="13.14239297">
        <ele>-17976931348623157081452742373170435679807056752584499659891747</ele>
    </trkpt>
    <trkpt lat="52.39922497" lon="13.14183401">
        <ele>-17976931348623157081452742373170435679807056752584499659891747</ele>
    </trkpt>
    <trkpt lat="52.39940277" lon="13.14136191">
        <ele>-17976931348623157081452742373170435679807056752584499659891747</ele>
    </trkpt>
    <trkpt lat="52.39778253" lon="13.1385442">
        <ele>-17976931348623157081452742373170435679807056752584499659891747</ele>
    </trkpt>
    <trkpt lat="52.39813463" lon="13.13676262">
        <ele>-17976931348623157081452742373170435679807056752584499659891747</ele>
    </trkpt>
    <trkpt lat="52.39745327" lon="13.13499249">
        <ele>-17976931348623157081452742373170435679807056752584499659891747</ele>
    </trkpt>
    <trkpt lat="52.39677317" lon="13.13353091">
        <ele>-17976931348623157081452742373170435679807056752584499659891747</ele>
    </trkpt>
    <trkpt lat="52.3956566" lon="13.13085492">
        <ele>-17976931348623157081452742373170435679807056752584499659891747</ele>
    </trkpt>
    <trkpt lat="52.39551909" lon="13.13021006">
        <ele>-17976931348623157081452742373170435679807056752584499659891747</ele>
    </trkpt>
    <trkpt lat="52.39526104" lon="13.12868511">
        <ele>-17976931348623157081452742373170435679807056752584499659891747</ele>
    </trkpt>
    <trkpt lat="52.39522107" lon="13.12773066">
        <ele>-17976931348623157081452742373170435679807056752584499659891747</ele>
    </trkpt>
    <trkpt lat="52.39519008" lon="13.12677611">
        <ele>-17976931348623157081452742373170435679807056752584499659891747</ele>
    </trkpt>
    <trkpt lat="52.3951901" lon="13.12466063">
        <ele>-17976931348623157081452742373170435679807056752584499659891747</ele>
    </trkpt>
    <trkpt lat="52.39519422" lon="13.1235147">
        <ele>-17976931348623157081452742373170435679807056752584499659891747</ele>
    </trkpt>
    <trkpt lat="52.39539959" lon="13.12320386">
        <ele>-17976931348623157081452742373170435679807056752584499659891747</ele>
    </trkpt>
    <trkpt lat="52.39591661" lon="13.12221368">
        <ele>-17976931348623157081452742373170435679807056752584499659891747</ele>
    </trkpt>
    <trkpt lat="52.39636273" lon="13.12145934">
        <ele>-17976931348623157081452742373170435679807056752584499659891747</ele>
    </trkpt>
    <trkpt lat="52.39663025" lon="13.12097147">
        <ele>-17976931348623157081452742373170435679807056752584499659891747</ele>
    </trkpt>
    <trkpt lat="52.39676511" lon="13.12098463">
        <ele>-17976931348623157081452742373170435679807056752584499659891747</ele>
    </trkpt>
    <trkpt lat="52.3972045" lon="13.12075923">
        <ele>-17976931348623157081452742373170435679807056752584499659891747</ele>
    </trkpt>
    <trkpt lat="52.3975632" lon="13.12057883">
        <ele>-17976931348623157081452742373170435679807056752584499659891747</ele>
    </trkpt>
    <trkpt lat="52.39812696" lon="13.1200141">
        <ele>-17976931348623157081452742373170435679807056752584499659891747</ele>
    </trkpt>
    <trkpt lat="52.39850269" lon="13.11961311">
        <ele>-17976931348623157081452742373170435679807056752584499659891747</ele>
    </trkpt>
    <trkpt lat="52.39890512" lon="13.11915304">
        <ele>-17976931348623157081452742373170435679807056752584499659891747</ele>
    </trkpt>
    <trkpt lat="52.3994147" lon="13.11853013">
        <ele>-17976931348623157081452742373170435679807056752584499659891747</ele>
    </trkpt>
    <trkpt lat="52.39985156" lon="13.11771703">
        <ele>-17976931348623157081452742373170435679807056752584499659891747</ele>
    </trkpt>
    <trkpt lat="52.40040422" lon="13.1166675">
        <ele>-17976931348623157081452742373170435679807056752584499659891747</ele>
    </trkpt>
    <trkpt lat="52.40072627" lon="13.11632586">
        <ele>-17976931348623157081452742373170435679807056752584499659891747</ele>
    </trkpt>
    <trkpt lat="52.40094068" lon="13.11602953">
        <ele>-17976931348623157081452742373170435679807056752584499659891747</ele>
    </trkpt>
    <trkpt lat="52.40111009" lon="13.11571903">
        <ele>-17976931348623157081452742373170435679807056752584499659891747</ele>
    </trkpt>
    <trkpt lat="52.40137796" lon="13.11531923">
        <ele>-17976931348623157081452742373170435679807056752584499659891747</ele>
    </trkpt>
    <trkpt lat="52.40167981" lon="13.11446355">
        <ele>-17976931348623157081452742373170435679807056752584499659891747</ele>
    </trkpt>
    <trkpt lat="52.40169543" lon="13.11391973">
        <ele>-17976931348623157081452742373170435679807056752584499659891747</ele>
    </trkpt>
    <trkpt lat="52.40164756" lon="13.11324441">
        <ele>-17976931348623157081452742373170435679807056752584499659891747</ele>
    </trkpt>
    <trkpt lat="52.40147401" lon="13.11259993">
        <ele>-17976931348623157081452742373170435679807056752584499659891747</ele>
    </trkpt>
    <trkpt lat="52.40150027" lon="13.11243801">
        <ele>-17976931348623157081452742373170435679807056752584499659891747</ele>
    </trkpt>
    <trkpt lat="52.40197316" lon="13.11165378">
        <ele>-17976931348623157081452742373170435679807056752584499659891747</ele>
    </trkpt>
    <trkpt lat="52.40272251" lon="13.11038143">
        <ele>-17976931348623157081452742373170435679807056752584499659891747</ele>
    </trkpt>
    <trkpt lat="52.40320489" lon="13.10971459">
        <ele>-17976931348623157081452742373170435679807056752584499659891747</ele>
    </trkpt>
    <trkpt lat="52.40384888" lon="13.10901646">
        <ele>-17976931348623157081452742373170435679807056752584499659891747</ele>
    </trkpt>
    <trkpt lat="52.40412682" lon="13.10886627">
        <ele>-17976931348623157081452742373170435679807056752584499659891747</ele>
    </trkpt>
    <trkpt lat="52.40486151" lon="13.10835807">
        <ele>-17976931348623157081452742373170435679807056752584499659891747</ele>
    </trkpt>
    <trkpt lat="52.40504958" lon="13.10820893">
        <ele>-17976931348623157081452742373170435679807056752584499659891747</ele>
    </trkpt>
    <trkpt lat="52.40518348" lon="13.10800164">
        <ele>-17976931348623157081452742373170435679807056752584499659891747</ele>
    </trkpt>
    <trkpt lat="52.40553201" lon="13.10755673">
        <ele>-17976931348623157081452742373170435679807056752584499659891747</ele>
    </trkpt>
    <trkpt lat="52.40604036" lon="13.1066691">
        <ele>-17976931348623157081452742373170435679807056752584499659891747</ele>
    </trkpt>
    <trkpt lat="52.40628823" lon="13.1058139">
        <ele>-17976931348623157081452742373170435679807056752584499659891747</ele>
    </trkpt>
    <trkpt lat="52.40661288" lon="13.10403203">
        <ele>-17976931348623157081452742373170435679807056752584499659891747</ele>
    </trkpt>
    <trkpt lat="52.40683742" lon="13.10197212">
        <ele>-17976931348623157081452742373170435679807056752584499659891747</ele>
    </trkpt>
    <trkpt lat="52.40687994" lon="13.10142791">
        <ele>-17976931348623157081452742373170435679807056752584499659891747</ele>
    </trkpt>
    <trkpt lat="52.40696706" lon="13.1008097">
        <ele>-17976931348623157081452742373170435679807056752584499659891747</ele>
    </trkpt>
    <trkpt lat="52.4072442" lon="13.10048311">
        <ele>-17976931348623157081452742373170435679807056752584499659891747</ele>
    </trkpt>
    <trkpt lat="52.40728086" lon="13.10064432">
        <ele>-17976931348623157081452742373170435679807056752584499659891747</ele>
    </trkpt>
    <trkpt lat="52.40747023" lon="13.10078902">
        <ele>-17976931348623157081452742373170435679807056752584499659891747</ele>
    </trkpt>
    <trkpt lat="52.40770427" lon="13.10087441">
        <ele>-17976931348623157081452742373170435679807056752584499659891747</ele>
    </trkpt>
    <trkpt lat="52.40801" lon="13.10091486">
        <ele>-17976931348623157081452742373170435679807056752584499659891747</ele>
    </trkpt>
    <trkpt lat="52.40820776" lon="13.1009272">
        <ele>-17976931348623157081452742373170435679807056752584499659891747</ele>
    </trkpt>
    <trkpt lat="52.40852288" lon="13.10105571">
        <ele>-17976931348623157081452742373170435679807056752584499659891747</ele>
    </trkpt>
    <trkpt lat="52.40864895" lon="13.10111299">
        <ele>-17976931348623157081452742373170435679807056752584499659891747</ele>
    </trkpt>
    <trkpt lat="52.40873894" lon="13.10114132">
        <ele>-17976931348623157081452742373170435679807056752584499659891747</ele>
    </trkpt>
    <trkpt lat="52.4088288" lon="13.10114025">
        <ele>-17976931348623157081452742373170435679807056752584499659891747</ele>
    </trkpt>
    <trkpt lat="52.40898177" lon="13.10118252">
        <ele>-17976931348623157081452742373170435679807056752584499659891747</ele>
    </trkpt>
    <trkpt lat="52.40912614" lon="13.10131306">
        <ele>-17976931348623157081452742373170435679807056752584499659891747</ele>
    </trkpt>
    <trkpt lat="52.40929753" lon="13.10145798">
        <ele>-17976931348623157081452742373170435679807056752584499659891747</ele>
    </trkpt>
    <trkpt lat="52.40941318" lon="13.10119209">
        <ele>-17976931348623157081452742373170435679807056752584499659891747</ele>
    </trkpt>
    <trkpt lat="52.40951997" lon="13.10095569">
        <ele>-17976931348623157081452742373170435679807056752584499659891747</ele>
    </trkpt>
    <trkpt lat="52.40964408" lon="13.10057213">
        <ele>-17976931348623157081452742373170435679807056752584499659891747</ele>
    </trkpt>
    <trkpt lat="52.40975054" lon="13.10026225">
        <ele>-17976931348623157081452742373170435679807056752584499659891747</ele>
    </trkpt>
    <trkpt lat="52.40998131" lon="13.09961289">
        <ele>-17976931348623157081452742373170435679807056752584499659891747</ele>
    </trkpt>
    <trkpt lat="52.41012411" lon="13.09939075">
        <ele>-17976931348623157081452742373170435679807056752584499659891747</ele>
    </trkpt>
    <trkpt lat="52.41020486" lon="13.0993604">
        <ele>-17976931348623157081452742373170435679807056752584499659891747</ele>
    </trkpt>
    <trkpt lat="52.4103308" lon="13.09938829">
        <ele>-17976931348623157081452742373170435679807056752584499659891747</ele>
    </trkpt>
    <trkpt lat="52.41042971" lon="13.0994018">
        <ele>-17976931348623157081452742373170435679807056752584499659891747</ele>
    </trkpt>
    <trkpt lat="52.41051957" lon="13.09940073">
        <ele>-17976931348623157081452742373170435679807056752584499659891747</ele>
    </trkpt>
    <trkpt lat="52.41062735" lon="13.09938475">
        <ele>-17976931348623157081452742373170435679807056752584499659891747</ele>
    </trkpt>
    <trkpt lat="52.41073492" lon="13.09932469">
        <ele>-17976931348623157081452742373170435679807056752584499659891747</ele>
    </trkpt>
    <trkpt lat="52.41086053" lon="13.0992791">
        <ele>-17976931348623157081452742373170435679807056752584499659891747</ele>
    </trkpt>
    <trkpt lat="52.41100372" lon="13.09914513">
        <ele>-17976931348623157081452742373170435679807056752584499659891747</ele>
    </trkpt>
    <trkpt lat="52.4111111" lon="13.09904097">
        <ele>-17976931348623157081452742373170435679807056752584499659891747</ele>
    </trkpt>
    <trkpt lat="52.41132507" lon="13.09865632">
        <ele>-17976931348623157081452742373170435679807056752584499659891747</ele>
    </trkpt>
    <trkpt lat="52.41153811" lon="13.09806593">
        <ele>-17976931348623157081452742373170435679807056752584499659891747</ele>
    </trkpt>
    <trkpt lat="52.41179747" lon="13.09778359">
        <ele>-17976931348623157081452742373170435679807056752584499659891747</ele>
    </trkpt>
    <trkpt lat="52.41233429" lon="13.0972481">
        <ele>-17976931348623157081452742373170435679807056752584499659891747</ele>
    </trkpt>
    <trkpt lat="52.41279947" lon="13.09677224">
        <ele>-17976931348623157081452742373170435679807056752584499659891747</ele>
    </trkpt>
    <trkpt lat="52.41305036" lon="13.09660756">
        <ele>-17976931348623157081452742373170435679807056752584499659891747</ele>
    </trkpt>
    <trkpt lat="52.41323862" lon="13.09650243">
        <ele>-17976931348623157081452742373170435679807056752584499659891747</ele>
    </trkpt>
    <trkpt lat="52.41320069" lon="13.09606198">
        <ele>-17976931348623157081452742373170435679807056752584499659891747</ele>
    </trkpt>
    <trkpt lat="52.41321675" lon="13.09563558">
        <ele>-17976931348623157081452742373170435679807056752584499659891747</ele>
    </trkpt>
    <trkpt lat="52.41325092" lon="13.09523836">
        <ele>-17976931348623157081452742373170435679807056752584499659891747</ele>
    </trkpt>
    <trkpt lat="52.41331137" lon="13.09469385">
        <ele>-17976931348623157081452742373170435679807056752584499659891747</ele>
    </trkpt>
    <trkpt lat="52.41337183" lon="13.09414933">
        <ele>-17976931348623157081452742373170435679807056752584499659891747</ele>
    </trkpt>
    <trkpt lat="52.41343176" lon="13.09348725">
        <ele>-17976931348623157081452742373170435679807056752584499659891747</ele>
    </trkpt>
    <trkpt lat="52.41348189" lon="13.09264892">
        <ele>-17976931348623157081452742373170435679807056752584499659891747</ele>
    </trkpt>
    <trkpt lat="52.41345142" lon="13.09187036">
        <ele>-17976931348623157081452742373170435679807056752584499659891747</ele>
    </trkpt>
    <trkpt lat="52.41419003" lon="13.09224355">
        <ele>-17976931348623157081452742373170435679807056752584499659891747</ele>
    </trkpt>
    <trkpt lat="52.41483005" lon="13.09267673">
        <ele>-17976931348623157081452742373170435679807056752584499659891747</ele>
    </trkpt>
    <trkpt lat="52.41533521" lon="13.09309686">
        <ele>-17976931348623157081452742373170435679807056752584499659891747</ele>
    </trkpt>
    <trkpt lat="52.41588549" lon="13.09356055">
        <ele>-17976931348623157081452742373170435679807056752584499659891747</ele>
    </trkpt>
    <trkpt lat="52.41602082" lon="13.0936765">
        <ele>-17976931348623157081452742373170435679807056752584499659891747</ele>
    </trkpt>
    <trkpt lat="52.41631883" lon="13.09399626">
        <ele>-17976931348623157081452742373170435679807056752584499659891747</ele>
    </trkpt>
    <trkpt lat="52.41668879" lon="13.09432985">
        <ele>-17976931348623157081452742373170435679807056752584499659891747</ele>
    </trkpt>
    <trkpt lat="52.41708584" lon="13.09469252">
        <ele>-17976931348623157081452742373170435679807056752584499659891747</ele>
    </trkpt>
    <trkpt lat="52.4176276" lon="13.09525924">
        <ele>-17976931348623157081452742373170435679807056752584499659891747</ele>
    </trkpt>
    <trkpt lat="52.41817854" lon="13.09586995">
        <ele>-17976931348623157081452742373170435679807056752584499659891747</ele>
    </trkpt>
    <trkpt lat="52.41835007" lon="13.09604428">
        <ele>-17976931348623157081452742373170435679807056752584499659891747</ele>
    </trkpt>
    <trkpt lat="52.4184585" lon="13.09617526">
        <ele>-17976931348623157081452742373170435679807056752584499659891747</ele>
    </trkpt>
    <trkpt lat="52.41852187" lon="13.09627739">
        <ele>-17976931348623157081452742373170435679807056752584499659891747</ele>
    </trkpt>
    <trkpt lat="52.41863942" lon="13.09643767">
        <ele>-17976931348623157081452742373170435679807056752584499659891747</ele>
    </trkpt>
    <trkpt lat="52.41876595" lon="13.09659783">
        <ele>-17976931348623157081452742373170435679807056752584499659891747</ele>
    </trkpt>
    <trkpt lat="52.41902787" lon="13.09688867">
        <ele>-17976931348623157081452742373170435679807056752584499659891747</ele>
    </trkpt>
    <trkpt lat="52.41925398" lon="13.09720933">
        <ele>-17976931348623157081452742373170435679807056752584499659891747</ele>
    </trkpt>
    <trkpt lat="52.41950737" lon="13.09760317">
        <ele>-17976931348623157081452742373170435679807056752584499659891747</ele>
    </trkpt>
    <trkpt lat="52.41971544" lon="13.09790936">
        <ele>-17976931348623157081452742373170435679807056752584499659891747</ele>
    </trkpt>
    <trkpt lat="52.41980589" lon="13.09804057">
        <ele>-17976931348623157081452742373170435679807056752584499659891747</ele>
    </trkpt>
    <trkpt lat="52.41995007" lon="13.09812704">
        <ele>-17976931348623157081452742373170435679807056752584499659891747</ele>
    </trkpt>
    <trkpt lat="52.4200764" lon="13.09824312">
        <ele>-17976931348623157081452742373170435679807056752584499659891747</ele>
    </trkpt>
    <trkpt lat="52.42093221" lon="13.09870327">
        <ele>-17976931348623157081452742373170435679807056752584499659891747</ele>
    </trkpt>
    <trkpt lat="52.4219861" lon="13.09924927">
        <ele>-17976931348623157081452742373170435679807056752584499659891747</ele>
    </trkpt>
    <trkpt lat="52.42251754" lon="13.09952223">
        <ele>-17976931348623157081452742373170435679807056752584499659891747</ele>
    </trkpt>
    <trkpt lat="52.42267083" lon="13.099638">
        <ele>-17976931348623157081452742373170435679807056752584499659891747</ele>
    </trkpt>
    <trkpt lat="52.422779" lon="13.09971021">
        <ele>-17976931348623157081452742373170435679807056752584499659891747</ele>
    </trkpt>
    <trkpt lat="52.42295026" lon="13.09982577">
        <ele>-17976931348623157081452742373170435679807056752584499659891747</ele>
    </trkpt>
    <trkpt lat="52.42308571" lon="13.09997116">
        <ele>-17976931348623157081452742373170435679807056752584499659891747</ele>
    </trkpt>
    <trkpt lat="52.42321218" lon="13.10011665">
        <ele>-17976931348623157081452742373170435679807056752584499659891747</ele>
    </trkpt>
    <trkpt lat="52.42334815" lon="13.10037963">
        <ele>-17976931348623157081452742373170435679807056752584499659891747</ele>
    </trkpt>
    <trkpt lat="52.42333096" lon="13.10055624">
        <ele>-17976931348623157081452742373170435679807056752584499659891747</ele>
    </trkpt>
    <trkpt lat="52.42333181" lon="13.10074733">
        <ele>-17976931348623157081452742373170435679807056752584499659891747</ele>
    </trkpt>
    <trkpt lat="52.42335292" lon="13.10145269">
        <ele>-17976931348623157081452742373170435679807056752584499659891747</ele>
    </trkpt>
    <trkpt lat="52.42337285" lon="13.10189346">
        <ele>-17976931348623157081452742373170435679807056752584499659891747</ele>
    </trkpt>
    <trkpt lat="52.42339271" lon="13.10231953">
        <ele>-17976931348623157081452742373170435679807056752584499659891747</ele>
    </trkpt>
    <trkpt lat="52.42339375" lon="13.10255472">
        <ele>-17976931348623157081452742373170435679807056752584499659891747</ele>
    </trkpt>
    <trkpt lat="52.42338555" lon="13.10273122">
        <ele>-17976931348623157081452742373170435679807056752584499659891747</ele>
    </trkpt>
    <trkpt lat="52.42335963" lon="13.10296673">
        <ele>-17976931348623157081452742373170435679807056752584499659891747</ele>
    </trkpt>
    <trkpt lat="52.42329777" lon="13.10320267">
        <ele>-17976931348623157081452742373170435679807056752584499659891747</ele>
    </trkpt>
    <trkpt lat="52.42317352" lon="13.10355694">
        <ele>-17976931348623157081452742373170435679807056752584499659891747</ele>
    </trkpt>
    <trkpt lat="52.42310267" lon="13.10379298">
        <ele>-17976931348623157081452742373170435679807056752584499659891747</ele>
    </trkpt>
    <trkpt lat="52.42301385" lon="13.10402923">
        <ele>-17976931348623157081452742373170435679807056752584499659891747</ele>
    </trkpt>
    <trkpt lat="52.42294247" lon="13.10414768">
        <ele>-17976931348623157081452742373170435679807056752584499659891747</ele>
    </trkpt>
    <trkpt lat="52.4228799" lon="13.10422192">
        <ele>-17976931348623157081452742373170435679807056752584499659891747</ele>
    </trkpt>
    <trkpt lat="52.42273683" lon="13.1043853">
        <ele>-17976931348623157081452742373170435679807056752584499659891747</ele>
    </trkpt>
    <trkpt lat="52.42260268" lon="13.10453389">
        <ele>-17976931348623157081452742373170435679807056752584499659891747</ele>
    </trkpt>
    <trkpt lat="52.42237887" lon="13.10472763">
        <ele>-17976931348623157081452742373170435679807056752584499659891747</ele>
    </trkpt>
    <trkpt lat="52.42216365" lon="13.10483307">
        <ele>-17976931348623157081452742373170435679807056752584499659891747</ele>
    </trkpt>
    <trkpt lat="52.42195728" lon="13.10490901">
        <ele>-17976931348623157081452742373170435679807056752584499659891747</ele>
    </trkpt>
    <trkpt lat="52.42186775" lon="13.10498356">
        <ele>-17976931348623157081452742373170435679807056752584499659891747</ele>
    </trkpt>
    <trkpt lat="52.42178797" lon="13.1052344">
        <ele>-17976931348623157081452742373170435679807056752584499659891747</ele>
    </trkpt>
    <trkpt lat="52.42173613" lon="13.1057054">
        <ele>-17976931348623157081452742373170435679807056752584499659891747</ele>
    </trkpt>
    <trkpt lat="52.42173749" lon="13.10601407">
        <ele>-17976931348623157081452742373170435679807056752584499659891747</ele>
    </trkpt>
    <trkpt lat="52.42174802" lon="13.10636674">
        <ele>-17976931348623157081452742373170435679807056752584499659891747</ele>
    </trkpt>
    <trkpt lat="52.42195542" lon="13.106526">
        <ele>-17976931348623157081452742373170435679807056752584499659891747</ele>
    </trkpt>
    <trkpt lat="52.42210864" lon="13.10662709">
        <ele>-17976931348623157081452742373170435679807056752584499659891747</ele>
    </trkpt>
    <trkpt lat="52.42221654" lon="13.10664052">
        <ele>-17976931348623157081452742373170435679807056752584499659891747</ele>
    </trkpt>
    <trkpt lat="52.42231513" lon="13.10658056">
        <ele>-17976931348623157081452742373170435679807056752584499659891747</ele>
    </trkpt>
    <trkpt lat="52.42242232" lon="13.1064323">
        <ele>-17976931348623157081452742373170435679807056752584499659891747</ele>
    </trkpt>
    <trkpt lat="52.42252053" lon="13.10628415">
        <ele>-17976931348623157081452742373170435679807056752584499659891747</ele>
    </trkpt>
    <trkpt lat="52.42262785" lon="13.10616528">
        <ele>-17976931348623157081452742373170435679807056752584499659891747</ele>
    </trkpt>
    <trkpt lat="52.42271745" lon="13.10610543">
        <ele>-17976931348623157081452742373170435679807056752584499659891747</ele>
    </trkpt>
    <trkpt lat="52.42284307" lon="13.10605985">
        <ele>-17976931348623157081452742373170435679807056752584499659891747</ele>
    </trkpt>
    <trkpt lat="52.42307665" lon="13.1060424">
        <ele>-17976931348623157081452742373170435679807056752584499659891747</ele>
    </trkpt>
    <trkpt lat="52.42324752" lon="13.10606979">
        <ele>-17976931348623157081452742373170435679807056752584499659891747</ele>
    </trkpt>
    <trkpt lat="52.42351743" lon="13.10614011">
        <ele>-17976931348623157081452742373170435679807056752584499659891747</ele>
    </trkpt>
    <trkpt lat="52.42370647" lon="13.10621139">
        <ele>-17976931348623157081452742373170435679807056752584499659891747</ele>
    </trkpt>
    <trkpt lat="52.42387766" lon="13.10631227">
        <ele>-17976931348623157081452742373170435679807056752584499659891747</ele>
    </trkpt>
    <trkpt lat="52.42405791" lon="13.10642775">
        <ele>-17976931348623157081452742373170435679807056752584499659891747</ele>
    </trkpt>
    <trkpt lat="52.42420233" lon="13.10657306">
        <ele>-17976931348623157081452742373170435679807056752584499659891747</ele>
    </trkpt>
    <trkpt lat="52.42431974" lon="13.10670398">
        <ele>-17976931348623157081452742373170435679807056752584499659891747</ele>
    </trkpt>
    <trkpt lat="52.42440133" lon="13.10686473">
        <ele>-17976931348623157081452742373170435679807056752584499659891747</ele>
    </trkpt>
    <trkpt lat="52.42448324" lon="13.10709897">
        <ele>-17976931348623157081452742373170435679807056752584499659891747</ele>
    </trkpt>
    <trkpt lat="52.42454743" lon="13.10739223">
        <ele>-17976931348623157081452742373170435679807056752584499659891747</ele>
    </trkpt>
    <trkpt lat="52.42461176" lon="13.10771489">
        <ele>-17976931348623157081452742373170435679807056752584499659891747</ele>
    </trkpt>
    <trkpt lat="52.42468481" lon="13.10797864">
        <ele>-17976931348623157081452742373170435679807056752584499659891747</ele>
    </trkpt>
    <trkpt lat="52.42473051" lon="13.10815451">
        <ele>-17976931348623157081452742373170435679807056752584499659891747</ele>
    </trkpt>
    <trkpt lat="52.42487597" lon="13.10853502">
        <ele>-17976931348623157081452742373170435679807056752584499659891747</ele>
    </trkpt>
    <trkpt lat="52.4250299" lon="13.10879783">
        <ele>-17976931348623157081452742373170435679807056752584499659891747</ele>
    </trkpt>
    <trkpt lat="52.42517445" lon="13.10897255">
        <ele>-17976931348623157081452742373170435679807056752584499659891747</ele>
    </trkpt>
    <trkpt lat="52.42531894" lon="13.10913256">
        <ele>-17976931348623157081452742373170435679807056752584499659891747</ele>
    </trkpt>
    <trkpt lat="52.42543621" lon="13.1092341">
        <ele>-17976931348623157081452742373170435679807056752584499659891747</ele>
    </trkpt>
    <trkpt lat="52.42553558" lon="13.10935054">
        <ele>-17976931348623157081452742373170435679807056752584499659891747</ele>
    </trkpt>
    <trkpt lat="52.42560798" lon="13.1094673">
        <ele>-17976931348623157081452742373170435679807056752584499659891747</ele>
    </trkpt>
    <trkpt lat="52.42564444" lon="13.10958448">
        <ele>-17976931348623157081452742373170435679807056752584499659891747</ele>
    </trkpt>
    <trkpt lat="52.4256361" lon="13.10973159">
        <ele>-17976931348623157081452742373170435679807056752584499659891747</ele>
    </trkpt>
    <trkpt lat="52.4256189" lon="13.1099082">
        <ele>-17976931348623157081452742373170435679807056752584499659891747</ele>
    </trkpt>
    <trkpt lat="52.42554219" lon="13.11086466">
        <ele>-17976931348623157081452742373170435679807056752584499659891747</ele>
    </trkpt>
    <trkpt lat="52.42545751" lon="13.11205641">
        <ele>-17976931348623157081452742373170435679807056752584499659891747</ele>
    </trkpt>
    <trkpt lat="52.42539003" lon="13.11307156">
        <ele>-17976931348623157081452742373170435679807056752584499659891747</ele>
    </trkpt>
    <trkpt lat="52.42538162" lon="13.11320396">
        <ele>-17976931348623157081452742373170435679807056752584499659891747</ele>
    </trkpt>
    <trkpt lat="52.42537315" lon="13.11332167">
        <ele>-17976931348623157081452742373170435679807056752584499659891747</ele>
    </trkpt>
    <trkpt lat="52.42534676" lon="13.11345428">
        <ele>-17976931348623157081452742373170435679807056752584499659891747</ele>
    </trkpt>
    <trkpt lat="52.42530572" lon="13.11435151">
        <ele>-17976931348623157081452742373170435679807056752584499659891747</ele>
    </trkpt>
    <trkpt lat="52.42526193" lon="13.11461663">
        <ele>-17976931348623157081452742373170435679807056752584499659891747</ele>
    </trkpt>
    <trkpt lat="52.42520074" lon="13.11501426">
        <ele>-17976931348623157081452742373170435679807056752584499659891747</ele>
    </trkpt>
    <trkpt lat="52.42511298" lon="13.1155004">
        <ele>-17976931348623157081452742373170435679807056752584499659891747</ele>
    </trkpt>
    <trkpt lat="52.42510494" lon="13.115721">
        <ele>-17976931348623157081452742373170435679807056752584499659891747</ele>
    </trkpt>
    <trkpt lat="52.4251152" lon="13.1160149">
        <ele>-17976931348623157081452742373170435679807056752584499659891747</ele>
    </trkpt>
    <trkpt lat="52.42512526" lon="13.1162647">
        <ele>-17976931348623157081452742373170435679807056752584499659891747</ele>
    </trkpt>
    <trkpt lat="52.42517134" lon="13.11652878">
        <ele>-17976931348623157081452742373170435679807056752584499659891747</ele>
    </trkpt>
    <trkpt lat="52.42525374" lon="13.11688065">
        <ele>-17976931348623157081452742373170435679807056752584499659891747</ele>
    </trkpt>
    <trkpt lat="52.42536297" lon="13.11720281">
        <ele>-17976931348623157081452742373170435679807056752584499659891747</ele>
    </trkpt>
    <trkpt lat="52.42548992" lon="13.11746596">
        <ele>-17976931348623157081452742373170435679807056752584499659891747</ele>
    </trkpt>
    <trkpt lat="52.42568021" lon="13.11783129">
        <ele>-17976931348623157081452742373170435679807056752584499659891747</ele>
    </trkpt>
    <trkpt lat="52.42615921" lon="13.11845792">
        <ele>-17976931348623157081452742373170435679807056752584499659891747</ele>
    </trkpt>
    <trkpt lat="52.42647531" lon="13.11882182">
        <ele>-17976931348623157081452742373170435679807056752584499659891747</ele>
    </trkpt>
    <trkpt lat="52.42685463" lon="13.1192585">
        <ele>-17976931348623157081452742373170435679807056752584499659891747</ele>
    </trkpt>
    <trkpt lat="52.42706232" lon="13.11949133">
        <ele>-17976931348623157081452742373170435679807056752584499659891747</ele>
    </trkpt>
    <trkpt lat="52.42728824" lon="13.11978277">
        <ele>-17976931348623157081452742373170435679807056752584499659891747</ele>
    </trkpt>
    <trkpt lat="52.42741512" lon="13.12003124">
        <ele>-17976931348623157081452742373170435679807056752584499659891747</ele>
    </trkpt>
    <trkpt lat="52.42756915" lon="13.12032351">
        <ele>-17976931348623157081452742373170435679807056752584499659891747</ele>
    </trkpt>
    <trkpt lat="52.42768717" lon="13.12060149">
        <ele>-17976931348623157081452742373170435679807056752584499659891747</ele>
    </trkpt>
    <trkpt lat="52.4277781" lon="13.12085037">
        <ele>-17976931348623157081452742373170435679807056752584499659891747</ele>
    </trkpt>
    <trkpt lat="52.42786916" lon="13.12112866">
        <ele>-17976931348623157081452742373170435679807056752584499659891747</ele>
    </trkpt>
    <trkpt lat="52.42796009" lon="13.12137755">
        <ele>-17976931348623157081452742373170435679807056752584499659891747</ele>
    </trkpt>
    <trkpt lat="52.42823132" lon="13.1217567">
        <ele>-17976931348623157081452742373170435679807056752584499659891747</ele>
    </trkpt>
    <trkpt lat="52.42866511" lon="13.12232511">
        <ele>-17976931348623157081452742373170435679807056752584499659891747</ele>
    </trkpt>
    <trkpt lat="52.42886406" lon="13.12261688">
        <ele>-17976931348623157081452742373170435679807056752584499659891747</ele>
    </trkpt>
    <trkpt lat="52.42873008" lon="13.12280954">
        <ele>-17976931348623157081452742373170435679807056752584499659891747</ele>
    </trkpt>
    <trkpt lat="52.42859679" lon="13.1231639">
        <ele>-17976931348623157081452742373170435679807056752584499659891747</ele>
    </trkpt>
    <trkpt lat="52.42842792" lon="13.12360688">
        <ele>-17976931348623157081452742373170435679807056752584499659891747</ele>
    </trkpt>
    <trkpt lat="52.42826823" lon="13.12409386">
        <ele>-17976931348623157081452742373170435679807056752584499659891747</ele>
    </trkpt>
    <trkpt lat="52.42825113" lon="13.12429988">
        <ele>-17976931348623157081452742373170435679807056752584499659891747</ele>
    </trkpt>
    <trkpt lat="52.4282892" lon="13.12479931">
        <ele>-17976931348623157081452742373170435679807056752584499659891747</ele>
    </trkpt>
    <trkpt lat="52.42828196" lon="13.12521104">
        <ele>-17976931348623157081452742373170435679807056752584499659891747</ele>
    </trkpt>
    <trkpt lat="52.42826598" lon="13.12568167">
        <ele>-17976931348623157081452742373170435679807056752584499659891747</ele>
    </trkpt>
    <trkpt lat="52.4282314" lon="13.12600551">
        <ele>-17976931348623157081452742373170435679807056752584499659891747</ele>
    </trkpt>
    <trkpt lat="52.42818759" lon="13.12627063">
        <ele>-17976931348623157081452742373170435679807056752584499659891747</ele>
    </trkpt>
    <trkpt lat="52.42813454" lon="13.12647706">
        <ele>-17976931348623157081452742373170435679807056752584499659891747</ele>
    </trkpt>
    <trkpt lat="52.42807276" lon="13.12674239">
        <ele>-17976931348623157081452742373170435679807056752584499659891747</ele>
    </trkpt>
    <trkpt lat="52.42795693" lon="13.12697893">
        <ele>-17976931348623157081452742373170435679807056752584499659891747</ele>
    </trkpt>
    <trkpt lat="52.42783224" lon="13.12724496">
        <ele>-17976931348623157081452742373170435679807056752584499659891747</ele>
    </trkpt>
    <trkpt lat="52.42768951" lon="13.12749651">
        <ele>-17976931348623157081452742373170435679807056752584499659891747</ele>
    </trkpt>
    <trkpt lat="52.42751133" lon="13.12786606">
        <ele>-17976931348623157081452742373170435679807056752584499659891747</ele>
    </trkpt>
    <trkpt lat="52.42734196" lon="13.1281914">
        <ele>-17976931348623157081452742373170435679807056752584499659891747</ele>
    </trkpt>
    <trkpt lat="52.42717258" lon="13.12851674">
        <ele>-17976931348623157081452742373170435679807056752584499659891747</ele>
    </trkpt>
    <trkpt lat="52.42703003" lon="13.12881238">
        <ele>-17976931348623157081452742373170435679807056752584499659891747</ele>
    </trkpt>
    <trkpt lat="52.42685204" lon="13.12922602">
        <ele>-17976931348623157081452742373170435679807056752584499659891747</ele>
    </trkpt>
    <trkpt lat="52.42664739" lon="13.12971346">
        <ele>-17976931348623157081452742373170435679807056752584499659891747</ele>
    </trkpt>
    <trkpt lat="52.42649623" lon="13.13009739">
        <ele>-17976931348623157081452742373170435679807056752584499659891747</ele>
    </trkpt>
    <trkpt lat="52.42620276" lon="13.13083574">
        <ele>-17976931348623157081452742373170435679807056752584499659891747</ele>
    </trkpt>
    <trkpt lat="52.42592745" lon="13.13161799">
        <ele>-17976931348623157081452742373170435679807056752584499659891747</ele>
    </trkpt>
    <trkpt lat="52.42573221" lon="13.13220821">
        <ele>-17976931348623157081452742373170435679807056752584499659891747</ele>
    </trkpt>
    <trkpt lat="52.42564375" lon="13.13254732">
        <ele>-17976931348623157081452742373170435679807056752584499659891747</ele>
    </trkpt>
    <trkpt lat="52.42554662" lon="13.13296003">
        <ele>-17976931348623157081452742373170435679807056752584499659891747</ele>
    </trkpt>
    <trkpt lat="52.42544099" lon="13.13349044">
        <ele>-17976931348623157081452742373170435679807056752584499659891747</ele>
    </trkpt>
    <trkpt lat="52.4253364" lon="13.13427075">
        <ele>-17976931348623157081452742373170435679807056752584499659891747</ele>
    </trkpt>
    <trkpt lat="52.42529325" lon="13.13469755">
        <ele>-17976931348623157081452742373170435679807056752584499659891747</ele>
    </trkpt>
    <trkpt lat="52.42527717" lon="13.13515345">
        <ele>-17976931348623157081452742373170435679807056752584499659891747</ele>
    </trkpt>
    <trkpt lat="52.4252878" lon="13.13555026">
        <ele>-17976931348623157081452742373170435679807056752584499659891747</ele>
    </trkpt>
    <trkpt lat="52.4252889" lon="13.13581486">
        <ele>-17976931348623157081452742373170435679807056752584499659891747</ele>
    </trkpt>
    <trkpt lat="52.42531708" lon="13.13610856">
        <ele>-17976931348623157081452742373170435679807056752584499659891747</ele>
    </trkpt>
    <trkpt lat="52.42539129" lon="13.13666637">
        <ele>-17976931348623157081452742373170435679807056752584499659891747</ele>
    </trkpt>
    <trkpt lat="52.4254743" lon="13.13717998">
        <ele>-17976931348623157081452742373170435679807056752584499659891747</ele>
    </trkpt>
    <trkpt lat="52.4256386" lon="13.1377956">
        <ele>-17976931348623157081452742373170435679807056752584499659891747</ele>
    </trkpt>
    <trkpt lat="52.42587559" lon="13.13860153">
        <ele>-17976931348623157081452742373170435679807056752584499659891747</ele>
    </trkpt>
    <trkpt lat="52.42599417" lon="13.13902655">
        <ele>-17976931348623157081452742373170435679807056752584499659891747</ele>
    </trkpt>
    <trkpt lat="52.42617717" lon="13.13981839">
        <ele>-17976931348623157081452742373170435679807056752584499659891747</ele>
    </trkpt>
    <trkpt lat="52.42625088" lon="13.14025861">
        <ele>-17976931348623157081452742373170435679807056752584499659891747</ele>
    </trkpt>
    <trkpt lat="52.42630685" lon="13.14075783">
        <ele>-17976931348623157081452742373170435679807056752584499659891747</ele>
    </trkpt>
    <trkpt lat="52.42633562" lon="13.14119855">
        <ele>-17976931348623157081452742373170435679807056752584499659891747</ele>
    </trkpt>
    <trkpt lat="52.42636445" lon="13.14165396">
        <ele>-17976931348623157081452742373170435679807056752584499659891747</ele>
    </trkpt>
    <trkpt lat="52.4263753" lon="13.14210958">
        <ele>-17976931348623157081452742373170435679807056752584499659891747</ele>
    </trkpt>
    <trkpt lat="52.42637675" lon="13.14246239">
        <ele>-17976931348623157081452742373170435679807056752584499659891747</ele>
    </trkpt>
    <trkpt lat="52.42638724" lon="13.14282981">
        <ele>-17976931348623157081452742373170435679807056752584499659891747</ele>
    </trkpt>
    <trkpt lat="52.42635267" lon="13.14316831">
        <ele>-17976931348623157081452742373170435679807056752584499659891747</ele>
    </trkpt>
    <trkpt lat="52.42631883" lon="13.14368322">
        <ele>-17976931348623157081452742373170435679807056752584499659891747</ele>
    </trkpt>
    <trkpt lat="52.42625761" lon="13.14409552">
        <ele>-17976931348623157081452742373170435679807056752584499659891747</ele>
    </trkpt>
    <trkpt lat="52.42618763" lon="13.14456672">
        <ele>-17976931348623157081452742373170435679807056752584499659891747</ele>
    </trkpt>
    <trkpt lat="52.42609064" lon="13.1450235">
        <ele>-17976931348623157081452742373170435679807056752584499659891747</ele>
    </trkpt>
    <trkpt lat="52.4259671" lon="13.14558349">
        <ele>-17976931348623157081452742373170435679807056752584499659891747</ele>
    </trkpt>
    <trkpt lat="52.42584309" lon="13.14602587">
        <ele>-17976931348623157081452742373170435679807056752584499659891747</ele>
    </trkpt>
    <trkpt lat="52.42574549" lon="13.14633565">
        <ele>-17976931348623157081452742373170435679807056752584499659891747</ele>
    </trkpt>
    <trkpt lat="52.4255766" lon="13.14679321">
        <ele>-17976931348623157081452742373170435679807056752584499659891747</ele>
    </trkpt>
    <trkpt lat="52.42544299" lon="13.14708868">
        <ele>-17976931348623157081452742373170435679807056752584499659891747</ele>
    </trkpt>
    <trkpt lat="52.42515763" lon="13.1476357">
        <ele>-17976931348623157081452742373170435679807056752584499659891747</ele>
    </trkpt>
    <trkpt lat="52.42495255" lon="13.14803484">
        <ele>-17976931348623157081452742373170435679807056752584499659891747</ele>
    </trkpt>
    <trkpt lat="52.42472926" lon="13.14837537">
        <ele>-17976931348623157081452742373170435679807056752584499659891747</ele>
    </trkpt>
    <trkpt lat="52.42452382" lon="13.14868631">
        <ele>-17976931348623157081452742373170435679807056752584499659891747</ele>
    </trkpt>
    <trkpt lat="52.42423786" lon="13.14908631">
        <ele>-17976931348623157081452742373170435679807056752584499659891747</ele>
    </trkpt>
    <trkpt lat="52.42401433" lon="13.14936803">
        <ele>-17976931348623157081452742373170435679807056752584499659891747</ele>
    </trkpt>
    <trkpt lat="52.4237727" lon="13.14962054">
        <ele>-17976931348623157081452742373170435679807056752584499659891747</ele>
    </trkpt>
    <trkpt lat="52.42352209" lon="13.14987315">
        <ele>-17976931348623157081452742373170435679807056752584499659891747</ele>
    </trkpt>
    <trkpt lat="52.42328933" lon="13.15009616">
        <ele>-17976931348623157081452742373170435679807056752584499659891747</ele>
    </trkpt>
    <trkpt lat="52.42309234" lon="13.15027469">
        <ele>-17976931348623157081452742373170435679807056752584499659891747</ele>
    </trkpt>
    <trkpt lat="52.42278763" lon="13.15048377">
        <ele>-17976931348623157081452742373170435679807056752584499659891747</ele>
    </trkpt>
    <trkpt lat="52.42241115" lon="13.15072302">
        <ele>-17976931348623157081452742373170435679807056752584499659891747</ele>
    </trkpt>
    <trkpt lat="52.42140668" lon="13.15123362">
        <ele>-17976931348623157081452742373170435679807056752584499659891747</ele>
    </trkpt>
    <trkpt lat="52.42098509" lon="13.15142924">
        <ele>-17976931348623157081452742373170435679807056752584499659891747</ele>
    </trkpt>
    <trkpt lat="52.42065318" lon="13.1515798">
        <ele>-17976931348623157081452742373170435679807056752584499659891747</ele>
    </trkpt>
    <trkpt lat="52.42017808" lon="13.15187889">
        <ele>-17976931348623157081452742373170435679807056752584499659891747</ele>
    </trkpt>
    <trkpt lat="52.41972131" lon="13.15226597">
        <ele>-17976931348623157081452742373170435679807056752584499659891747</ele>
    </trkpt>
    <trkpt lat="52.41931839" lon="13.15263776">
        <ele>-17976931348623157081452742373170435679807056752584499659891747</ele>
    </trkpt>
    <trkpt lat="52.41894214" lon="13.15293577">
        <ele>-17976931348623157081452742373170435679807056752584499659891747</ele>
    </trkpt>
    <trkpt lat="52.41877181" lon="13.15304048">
        <ele>-17976931348623157081452742373170435679807056752584499659891747</ele>
    </trkpt>
    <trkpt lat="52.41883748" lon="13.15373062">
        <ele>-17976931348623157081452742373170435679807056752584499659891747</ele>
    </trkpt>
    <trkpt lat="52.41887524" lon="13.15418587">
        <ele>-17976931348623157081452742373170435679807056752584499659891747</ele>
    </trkpt>
    <trkpt lat="52.41894067" lon="13.15481721">
        <ele>-17976931348623157081452742373170435679807056752584499659891747</ele>
    </trkpt>
    <trkpt lat="52.41899617" lon="13.15521348">
        <ele>-17976931348623157081452742373170435679807056752584499659891747</ele>
    </trkpt>
    <trkpt lat="52.41900563" lon="13.15533097">
        <ele>-17976931348623157081452742373170435679807056752584499659891747</ele>
    </trkpt>
    <trkpt lat="52.41907986" lon="13.15591813">
        <ele>-17976931348623157081452742373170435679807056752584499659891747</ele>
    </trkpt>
    <trkpt lat="52.41913606" lon="13.15649078">
        <ele>-17976931348623157081452742373170435679807056752584499659891747</ele>
    </trkpt>
    <trkpt lat="52.41925668" lon="13.15744491">
        <ele>-17976931348623157081452742373170435679807056752584499659891747</ele>
    </trkpt>
    <trkpt lat="52.41934986" lon="13.15828175">
        <ele>-17976931348623157081452742373170435679807056752584499659891747</ele>
    </trkpt>
    <trkpt lat="52.41944281" lon="13.15905981">
        <ele>-17976931348623157081452742373170435679807056752584499659891747</ele>
    </trkpt>
    <trkpt lat="52.41960614" lon="13.15945495">
        <ele>-17976931348623157081452742373170435679807056752584499659891747</ele>
    </trkpt>
    <trkpt lat="52.41953587" lon="13.15986726">
        <ele>-17976931348623157081452742373170435679807056752584499659891747</ele>
    </trkpt>
    <trkpt lat="52.4196666" lon="13.16111528">
        <ele>-17976931348623157081452742373170435679807056752584499659891747</ele>
    </trkpt>
    <trkpt lat="52.41974968" lon="13.16167296">
        <ele>-17976931348623157081452742373170435679807056752584499659891747</ele>
    </trkpt>
    <trkpt lat="52.41997256" lon="13.16350799">
        <ele>-17976931348623157081452742373170435679807056752584499659891747</ele>
    </trkpt>
    <trkpt lat="52.42010314" lon="13.16472664">
        <ele>-17976931348623157081452742373170435679807056752584499659891747</ele>
    </trkpt>
    <trkpt lat="52.42021408" lon="13.16551923">
        <ele>-17976931348623157081452742373170435679807056752584499659891747</ele>
    </trkpt>
    <trkpt lat="52.42031631" lon="13.16638541">
        <ele>-17976931348623157081452742373170435679807056752584499659891747</ele>
    </trkpt>
    <trkpt lat="52.42040943" lon="13.16722229">
        <ele>-17976931348623157081452742373170435679807056752584499659891747</ele>
    </trkpt>
    <trkpt lat="52.42058553" lon="13.16860218">
        <ele>-17976931348623157081452742373170435679807056752584499659891747</ele>
    </trkpt>
    <trkpt lat="52.42068797" lon="13.16952717">
        <ele>-17976931348623157081452742373170435679807056752584499659891747</ele>
    </trkpt>
    <trkpt lat="52.42079" lon="13.17034927">
        <ele>-17976931348623157081452742373170435679807056752584499659891747</ele>
    </trkpt>
    <trkpt lat="52.42080125" lon="13.17093713">
        <ele>-17976931348623157081452742373170435679807056752584499659891747</ele>
    </trkpt>
    <trkpt lat="52.42077565" lon="13.17129017">
        <ele>-17976931348623157081452742373170435679807056752584499659891747</ele>
    </trkpt>
    <trkpt lat="52.42076836" lon="13.17173122">
        <ele>-17976931348623157081452742373170435679807056752584499659891747</ele>
    </trkpt>
    <trkpt lat="52.42072518" lon="13.17218734">
        <ele>-17976931348623157081452742373170435679807056752584499659891747</ele>
    </trkpt>
    <trkpt lat="52.42070777" lon="13.17233451">
        <ele>-17976931348623157081452742373170435679807056752584499659891747</ele>
    </trkpt>
    <trkpt lat="52.42063757" lon="13.17277621">
        <ele>-17976931348623157081452742373170435679807056752584499659891747</ele>
    </trkpt>
    <trkpt lat="52.42051362" lon="13.17326256">
        <ele>-17976931348623157081452742373170435679807056752584499659891747</ele>
    </trkpt>
    <trkpt lat="52.42041624" lon="13.17364573">
        <ele>-17976931348623157081452742373170435679807056752584499659891747</ele>
    </trkpt>
    <trkpt lat="52.42030116" lon="13.17410258">
        <ele>-17976931348623157081452742373170435679807056752584499659891747</ele>
    </trkpt>
    <trkpt lat="52.42019461" lon="13.17444175">
        <ele>-17976931348623157081452742373170435679807056752584499659891747</ele>
    </trkpt>
    <trkpt lat="52.4201057" lon="13.17469254">
        <ele>-17976931348623157081452742373170435679807056752584499659891747</ele>
    </trkpt>
    <trkpt lat="52.41991008" lon="13.1752384">
        <ele>-17976931348623157081452742373170435679807056752584499659891747</ele>
    </trkpt>
    <trkpt lat="52.42000904" lon="13.17526679">
        <ele>-17976931348623157081452742373170435679807056752584499659891747</ele>
    </trkpt>
    <trkpt lat="52.42013491" lon="13.1752802">
        <ele>-17976931348623157081452742373170435679807056752584499659891747</ele>
    </trkpt>
    <trkpt lat="52.42028745" lon="13.17521985">
        <ele>-17976931348623157081452742373170435679807056752584499659891747</ele>
    </trkpt>
    <trkpt lat="52.42041287" lon="13.17511568">
        <ele>-17976931348623157081452742373170435679807056752584499659891747</ele>
    </trkpt>
    <trkpt lat="52.42052969" lon="13.17511448">
        <ele>-17976931348623157081452742373170435679807056752584499659891747</ele>
    </trkpt>
    <trkpt lat="52.42087314" lon="13.17562545">
        <ele>-17976931348623157081452742373170435679807056752584499659891747</ele>
    </trkpt>
    <trkpt lat="52.42112684" lon="13.17616674">
        <ele>-17976931348623157081452742373170435679807056752584499659891747</ele>
    </trkpt>
    <trkpt lat="52.4211884" lon="13.17581332">
        <ele>-17976931348623157081452742373170435679807056752584499659891747</ele>
    </trkpt>
    <trkpt lat="52.4212604" lon="13.17584199">
        <ele>-17976931348623157081452742373170435679807056752584499659891747</ele>
    </trkpt>
    <trkpt lat="52.42143114" lon="13.17584025">
        <ele>-17976931348623157081452742373170435679807056752584499659891747</ele>
    </trkpt>
    <trkpt lat="52.42176342" lon="13.17577806">
        <ele>-17976931348623157081452742373170435679807056752584499659891747</ele>
    </trkpt>
    <trkpt lat="52.42241865" lon="13.17556558">
        <ele>-17976931348623157081452742373170435679807056752584499659891747</ele>
    </trkpt>
    <trkpt lat="52.42302023" lon="13.17542714">
        <ele>-17976931348623157081452742373170435679807056752584499659891747</ele>
    </trkpt>
    <trkpt lat="52.42502107" lon="13.17458348">
        <ele>-17976931348623157081452742373170435679807056752584499659891747</ele>
    </trkpt>
    <trkpt lat="52.42727295" lon="13.17359015">
        <ele>-17976931348623157081452742373170435679807056752584499659891747</ele>
    </trkpt>
    <trkpt lat="52.43053719" lon="13.17177769">
        <ele>-17976931348623157081452742373170435679807056752584499659891747</ele>
    </trkpt>
    <trkpt lat="52.43253646" lon="13.17053675">
        <ele>-17976931348623157081452742373170435679807056752584499659891747</ele>
    </trkpt>
    <trkpt lat="52.43444483" lon="13.16903197">
        <ele>-17976931348623157081452742373170435679807056752584499659891747</ele>
    </trkpt>
    <trkpt lat="52.43564423" lon="13.16778439">
        <ele>-17976931348623157081452742373170435679807056752584499659891747</ele>
    </trkpt>
    <trkpt lat="52.43688831" lon="13.16647747">
        <ele>-17976931348623157081452742373170435679807056752584499659891747</ele>
    </trkpt>
    <trkpt lat="52.43872135" lon="13.16410554">
        <ele>-17976931348623157081452742373170435679807056752584499659891747</ele>
    </trkpt>
    <trkpt lat="52.44041995" lon="13.16183777">
        <ele>-17976931348623157081452742373170435679807056752584499659891747</ele>
    </trkpt>
    <trkpt lat="52.44196574" lon="13.15957144">
        <ele>-17976931348623157081452742373170435679807056752584499659891747</ele>
    </trkpt>
    <trkpt lat="52.444074" lon="13.15638714">
        <ele>-17976931348623157081452742373170435679807056752584499659891747</ele>
    </trkpt>
    <trkpt lat="52.44501166" lon="13.15489172">
        <ele>-17976931348623157081452742373170435679807056752584499659891747</ele>
    </trkpt>
    <trkpt lat="52.44580651" lon="13.15364779">
        <ele>-17976931348623157081452742373170435679807056752584499659891747</ele>
    </trkpt>
    <trkpt lat="52.44725299" lon="13.15130842">
        <ele>-17976931348623157081452742373170435679807056752584499659891747</ele>
    </trkpt>
    <trkpt lat="52.44821736" lon="13.14976837">
        <ele>-17976931348623157081452742373170435679807056752584499659891747</ele>
    </trkpt>
    <trkpt lat="52.44875304" lon="13.14889478">
        <ele>-17976931348623157081452742373170435679807056752584499659891747</ele>
    </trkpt>
    <trkpt lat="52.44920873" lon="13.14824267">
        <ele>-17976931348623157081452742373170435679807056752584499659891747</ele>
    </trkpt>
    <trkpt lat="52.44965674" lon="13.14791422">
        <ele>-17976931348623157081452742373170435679807056752584499659891747</ele>
    </trkpt>
    <trkpt lat="52.45016903" lon="13.14792337">
        <ele>-17976931348623157081452742373170435679807056752584499659891747</ele>
    </trkpt>
    <trkpt lat="52.45079896" lon="13.14813718">
        <ele>-17976931348623157081452742373170435679807056752584499659891747</ele>
    </trkpt>
    <trkpt lat="52.45130304" lon="13.14833765">
        <ele>-17976931348623157081452742373170435679807056752584499659891747</ele>
    </trkpt>
    <trkpt lat="52.45146271" lon="13.14782109">
        <ele>-17976931348623157081452742373170435679807056752584499659891747</ele>
    </trkpt>
  </trkseg>
</trk>
</gpx>
